{"0": [{"track_id": 1, "bbox": [220, 57, 349, 115], "mask_file": "frame_0000_track_1.npy", "score": 1.0145699977874756}, {"track_id": 2, "bbox": [25, 44, 217, 143], "mask_file": "frame_0000_track_2.npy", "score": 0.8337274789810181}], "1": [{"track_id": 1, "bbox": [219, 57, 349, 115], "mask_file": "frame_0001_track_1.npy", "score": 1.004663348197937}, {"track_id": 2, "bbox": [34, 35, 229, 149], "mask_file": "frame_0001_track_2.npy", "score": 0.8900623321533203}], "2": [{"track_id": 1, "bbox": [220, 57, 349, 116], "mask_file": "frame_0002_track_1.npy", "score": 1.0043175220489502}, {"track_id": 2, "bbox": [44, 30, 237, 149], "mask_file": "frame_0002_track_2.npy", "score": 0.8870764970779419}], "3": [{"track_id": 1, "bbox": [219, 58, 349, 117], "mask_file": "frame_0003_track_1.npy", "score": 1.0001420974731445}, {"track_id": 2, "bbox": [50, 19, 236, 147], "mask_file": "frame_0003_track_2.npy", "score": 0.8934369087219238}], "4": [{"track_id": 1, "bbox": [219, 57, 348, 117], "mask_file": "frame_0004_track_1.npy", "score": 1.0033835172653198}, {"track_id": 2, "bbox": [45, 14, 238, 147], "mask_file": "frame_0004_track_2.npy", "score": 0.9035309553146362}], "5": [{"track_id": 1, "bbox": [217, 56, 347, 116], "mask_file": "frame_0005_track_1.npy", "score": 1.0039453506469727}, {"track_id": 2, "bbox": [41, 13, 242, 147], "mask_file": "frame_0005_track_2.npy", "score": 0.8952417373657227}], "6": [{"track_id": 1, "bbox": [216, 54, 346, 115], "mask_file": "frame_0006_track_1.npy", "score": 1.0054588317871094}, {"track_id": 2, "bbox": [31, 11, 252, 157], "mask_file": "frame_0006_track_2.npy", "score": 0.902413010597229}], "7": [{"track_id": 1, "bbox": [215, 52, 345, 113], "mask_file": "frame_0007_track_1.npy", "score": 1.000251293182373}, {"track_id": 2, "bbox": [25, 11, 254, 166], "mask_file": "frame_0007_track_2.npy", "score": 0.903512716293335}], "8": [{"track_id": 1, "bbox": [215, 51, 345, 111], "mask_file": "frame_0008_track_1.npy", "score": 0.9980833530426025}, {"track_id": 2, "bbox": [11, 9, 255, 181], "mask_file": "frame_0008_track_2.npy", "score": 0.9126917123794556}], "9": [{"track_id": 1, "bbox": [216, 50, 347, 111], "mask_file": "frame_0009_track_1.npy", "score": 0.9999092817306519}, {"track_id": 2, "bbox": [0, 9, 255, 187], "mask_file": "frame_0009_track_2.npy", "score": 0.9004738330841064}], "10": [{"track_id": 1, "bbox": [217, 49, 348, 110], "mask_file": "frame_0010_track_1.npy", "score": 1.0033669471740723}, {"track_id": 2, "bbox": [0, 9, 255, 191], "mask_file": "frame_0010_track_2.npy", "score": 0.8817414045333862}], "11": [{"track_id": 1, "bbox": [215, 49, 346, 110], "mask_file": "frame_0011_track_1.npy", "score": 1.0025434494018555}, {"track_id": 2, "bbox": [0, 9, 255, 192], "mask_file": "frame_0011_track_2.npy", "score": 0.8754146099090576}], "12": [{"track_id": 1, "bbox": [210, 49, 341, 110], "mask_file": "frame_0012_track_1.npy", "score": 1.002729892730713}, {"track_id": 2, "bbox": [0, 10, 254, 193], "mask_file": "frame_0012_track_2.npy", "score": 0.867961049079895}], "13": [{"track_id": 1, "bbox": [209, 50, 340, 111], "mask_file": "frame_0013_track_1.npy", "score": 1.0005546808242798}, {"track_id": 2, "bbox": [0, 11, 252, 193], "mask_file": "frame_0013_track_2.npy", "score": 0.8728307485580444}], "14": [{"track_id": 1, "bbox": [209, 51, 340, 112], "mask_file": "frame_0014_track_1.npy", "score": 0.9976755380630493}, {"track_id": 2, "bbox": [0, 10, 254, 235], "mask_file": "frame_0014_track_2.npy", "score": 0.8830591440200806}], "15": [{"track_id": 1, "bbox": [208, 51, 339, 113], "mask_file": "frame_0015_track_1.npy", "score": 0.9986844062805176}, {"track_id": 2, "bbox": [0, 10, 277, 237], "mask_file": "frame_0015_track_2.npy", "score": 0.8359618186950684}], "16": [{"track_id": 1, "bbox": [203, 53, 334, 115], "mask_file": "frame_0016_track_1.npy", "score": 1.0025824308395386}, {"track_id": 2, "bbox": [0, 12, 273, 239], "mask_file": "frame_0016_track_2.npy", "score": 0.8444173336029053}], "17": [{"track_id": 1, "bbox": [200, 52, 331, 115], "mask_file": "frame_0017_track_1.npy", "score": 1.0025476217269897}, {"track_id": 2, "bbox": [0, 12, 271, 239], "mask_file": "frame_0017_track_2.npy", "score": 0.8524335622787476}], "18": [{"track_id": 1, "bbox": [191, 48, 322, 111], "mask_file": "frame_0018_track_1.npy", "score": 1.0008352994918823}, {"track_id": 2, "bbox": [0, 8, 268, 239], "mask_file": "frame_0018_track_2.npy", "score": 0.8660547733306885}], "19": [{"track_id": 1, "bbox": [178, 47, 309, 110], "mask_file": "frame_0019_track_1.npy", "score": 1.0004332065582275}, {"track_id": 2, "bbox": [0, 6, 270, 239], "mask_file": "frame_0019_track_2.npy", "score": 0.87644362449646}], "20": [{"track_id": 1, "bbox": [168, 42, 298, 107], "mask_file": "frame_0020_track_1.npy", "score": 1.003222107887268}, {"track_id": 2, "bbox": [0, 3, 269, 239], "mask_file": "frame_0020_track_2.npy", "score": 0.8777281045913696}], "21": [{"track_id": 1, "bbox": [168, 41, 298, 106], "mask_file": "frame_0021_track_1.npy", "score": 1.0019090175628662}, {"track_id": 2, "bbox": [34, 62, 147, 126], "mask_file": "frame_0021_track_2.npy", "score": 1.0107797384262085}], "22": [{"track_id": 1, "bbox": [201, 34, 295, 104], "mask_file": "frame_0022_track_1.npy", "score": 0.8999059200286865}, {"track_id": 2, "bbox": [55, 63, 155, 123], "mask_file": "frame_0022_track_2.npy", "score": 0.9595528841018677}], "23": [{"track_id": 1, "bbox": [220, 30, 309, 99], "mask_file": "frame_0023_track_1.npy", "score": 0.9222279787063599}, {"track_id": 2, "bbox": [64, 63, 163, 125], "mask_file": "frame_0023_track_2.npy", "score": 0.9560533761978149}], "24": [{"track_id": 1, "bbox": [230, 32, 319, 99], "mask_file": "frame_0024_track_1.npy", "score": 0.9853438138961792}, {"track_id": 2, "bbox": [71, 65, 173, 127], "mask_file": "frame_0024_track_2.npy", "score": 0.9383759498596191}], "25": [{"track_id": 1, "bbox": [229, 34, 320, 101], "mask_file": "frame_0025_track_1.npy", "score": 0.9600719213485718}, {"track_id": 2, "bbox": [74, 68, 187, 131], "mask_file": "frame_0025_track_2.npy", "score": 0.9359067678451538}], "26": [{"track_id": 1, "bbox": [229, 36, 320, 102], "mask_file": "frame_0026_track_1.npy", "score": 0.9586265087127686}, {"track_id": 2, "bbox": [84, 70, 202, 133], "mask_file": "frame_0026_track_2.npy", "score": 0.9678477048873901}], "27": [{"track_id": 1, "bbox": [228, 38, 319, 104], "mask_file": "frame_0027_track_1.npy", "score": 0.9674332141876221}, {"track_id": 2, "bbox": [85, 72, 204, 135], "mask_file": "frame_0027_track_2.npy", "score": 1.0040946006774902}], "28": [{"track_id": 1, "bbox": [228, 40, 321, 106], "mask_file": "frame_0028_track_1.npy", "score": 0.9840812683105469}, {"track_id": 2, "bbox": [86, 73, 204, 136], "mask_file": "frame_0028_track_2.npy", "score": 1.0039108991622925}], "29": [{"track_id": 1, "bbox": [231, 41, 320, 106], "mask_file": "frame_0029_track_1.npy", "score": 0.9827711582183838}, {"track_id": 2, "bbox": [89, 73, 207, 136], "mask_file": "frame_0029_track_2.npy", "score": 1.004154086112976}], "30": [{"track_id": 1, "bbox": [232, 43, 322, 108], "mask_file": "frame_0030_track_1.npy", "score": 0.9782439470291138}, {"track_id": 2, "bbox": [92, 75, 208, 137], "mask_file": "frame_0030_track_2.npy", "score": 1.0027884244918823}], "31": [{"track_id": 1, "bbox": [235, 43, 323, 108], "mask_file": "frame_0031_track_1.npy", "score": 0.9787273406982422}, {"track_id": 2, "bbox": [94, 75, 211, 137], "mask_file": "frame_0031_track_2.npy", "score": 1.0036745071411133}], "32": [{"track_id": 1, "bbox": [238, 43, 326, 108], "mask_file": "frame_0032_track_1.npy", "score": 0.9712464809417725}, {"track_id": 2, "bbox": [98, 75, 214, 137], "mask_file": "frame_0032_track_2.npy", "score": 1.0038701295852661}], "33": [{"track_id": 1, "bbox": [240, 45, 329, 110], "mask_file": "frame_0033_track_1.npy", "score": 0.9820066690444946}, {"track_id": 2, "bbox": [101, 76, 216, 139], "mask_file": "frame_0033_track_2.npy", "score": 1.004638910293579}], "34": [{"track_id": 1, "bbox": [244, 45, 333, 109], "mask_file": "frame_0034_track_1.npy", "score": 0.9711302518844604}, {"track_id": 2, "bbox": [105, 76, 220, 139], "mask_file": "frame_0034_track_2.npy", "score": 1.0050309896469116}], "35": [{"track_id": 1, "bbox": [246, 46, 335, 110], "mask_file": "frame_0035_track_1.npy", "score": 0.9601097106933594}, {"track_id": 2, "bbox": [108, 76, 222, 139], "mask_file": "frame_0035_track_2.npy", "score": 1.004665493965149}], "36": [{"track_id": 1, "bbox": [248, 45, 337, 109], "mask_file": "frame_0036_track_1.npy", "score": 0.972252368927002}, {"track_id": 2, "bbox": [109, 76, 224, 138], "mask_file": "frame_0036_track_2.npy", "score": 1.0047836303710938}], "37": [{"track_id": 1, "bbox": [253, 45, 341, 110], "mask_file": "frame_0037_track_1.npy", "score": 0.9756577014923096}, {"track_id": 2, "bbox": [115, 76, 229, 138], "mask_file": "frame_0037_track_2.npy", "score": 1.0058400630950928}], "38": [{"track_id": 1, "bbox": [257, 46, 345, 110], "mask_file": "frame_0038_track_1.npy", "score": 0.9858403205871582}, {"track_id": 2, "bbox": [119, 76, 233, 138], "mask_file": "frame_0038_track_2.npy", "score": 1.0060070753097534}], "39": [{"track_id": 1, "bbox": [257, 46, 346, 111], "mask_file": "frame_0039_track_1.npy", "score": 0.9716222286224365}, {"track_id": 2, "bbox": [119, 76, 234, 139], "mask_file": "frame_0039_track_2.npy", "score": 1.0062390565872192}], "40": [{"track_id": 1, "bbox": [256, 46, 346, 110], "mask_file": "frame_0040_track_1.npy", "score": 0.9782150983810425}, {"track_id": 2, "bbox": [118, 76, 232, 139], "mask_file": "frame_0040_track_2.npy", "score": 1.0061378479003906}], "41": [{"track_id": 1, "bbox": [255, 46, 346, 111], "mask_file": "frame_0041_track_1.npy", "score": 0.9806574583053589}, {"track_id": 2, "bbox": [117, 76, 232, 139], "mask_file": "frame_0041_track_2.npy", "score": 1.0061384439468384}]}