{"0": [{"track_id": 1, "bbox": [120, 61, 316, 159], "mask_file": "frame_0000_track_1.npy", "score": 1.0064928531646729}, {"track_id": 2, "bbox": [8, 131, 109, 239], "mask_file": "frame_0000_track_2.npy", "score": 0.8387619256973267}], "1": [{"track_id": 1, "bbox": [118, 61, 315, 159], "mask_file": "frame_0001_track_1.npy", "score": 1.0080804824829102}, {"track_id": 2, "bbox": [8, 134, 112, 238], "mask_file": "frame_0001_track_2.npy", "score": 0.8586466312408447}], "2": [{"track_id": 1, "bbox": [116, 60, 313, 159], "mask_file": "frame_0002_track_1.npy", "score": 1.0088467597961426}, {"track_id": 2, "bbox": [4, 131, 114, 238], "mask_file": "frame_0002_track_2.npy", "score": 0.8782271146774292}], "3": [{"track_id": 1, "bbox": [115, 59, 313, 159], "mask_file": "frame_0003_track_1.npy", "score": 1.0073013305664062}, {"track_id": 2, "bbox": [2, 134, 110, 238], "mask_file": "frame_0003_track_2.npy", "score": 0.8663501739501953}], "4": [{"track_id": 1, "bbox": [115, 58, 314, 158], "mask_file": "frame_0004_track_1.npy", "score": 1.0061089992523193}, {"track_id": 2, "bbox": [3, 163, 110, 238], "mask_file": "frame_0004_track_2.npy", "score": 0.8648796081542969}], "5": [{"track_id": 1, "bbox": [116, 56, 315, 157], "mask_file": "frame_0005_track_1.npy", "score": 1.0063971281051636}, {"track_id": 2, "bbox": [4, 164, 111, 238], "mask_file": "frame_0005_track_2.npy", "score": 0.8769516944885254}], "6": [{"track_id": 1, "bbox": [116, 56, 316, 159], "mask_file": "frame_0006_track_1.npy", "score": 1.0076771974563599}, {"track_id": 2, "bbox": [0, 167, 111, 238], "mask_file": "frame_0006_track_2.npy", "score": 0.9383198022842407}], "7": [{"track_id": 1, "bbox": [115, 56, 317, 160], "mask_file": "frame_0007_track_1.npy", "score": 1.007537841796875}, {"track_id": 2, "bbox": [21, 166, 112, 239], "mask_file": "frame_0007_track_2.npy", "score": 0.9272676706314087}], "8": [{"track_id": 1, "bbox": [115, 57, 317, 160], "mask_file": "frame_0008_track_1.npy", "score": 1.0077781677246094}, {"track_id": 2, "bbox": [0, 129, 108, 238], "mask_file": "frame_0008_track_2.npy", "score": 0.9870868921279907}], "9": [{"track_id": 1, "bbox": [116, 56, 320, 160], "mask_file": "frame_0009_track_1.npy", "score": 1.0078566074371338}, {"track_id": 2, "bbox": [0, 108, 123, 238], "mask_file": "frame_0009_track_2.npy", "score": 0.9362000823020935}], "10": [{"track_id": 1, "bbox": [117, 56, 322, 160], "mask_file": "frame_0010_track_1.npy", "score": 1.0101701021194458}, {"track_id": 2, "bbox": [0, 106, 130, 238], "mask_file": "frame_0010_track_2.npy", "score": 0.9894752502441406}], "11": [{"track_id": 1, "bbox": [118, 57, 324, 163], "mask_file": "frame_0011_track_1.npy", "score": 1.0080784559249878}, {"track_id": 2, "bbox": [0, 112, 142, 238], "mask_file": "frame_0011_track_2.npy", "score": 0.9957582354545593}], "12": [{"track_id": 1, "bbox": [116, 58, 323, 163], "mask_file": "frame_0012_track_1.npy", "score": 1.0074925422668457}, {"track_id": 2, "bbox": [0, 110, 152, 238], "mask_file": "frame_0012_track_2.npy", "score": 0.9996013641357422}], "13": [{"track_id": 1, "bbox": [113, 58, 321, 164], "mask_file": "frame_0013_track_1.npy", "score": 1.0088998079299927}, {"track_id": 2, "bbox": [0, 110, 151, 238], "mask_file": "frame_0013_track_2.npy", "score": 0.9993034601211548}], "14": [{"track_id": 1, "bbox": [105, 56, 316, 164], "mask_file": "frame_0014_track_1.npy", "score": 1.0090056657791138}, {"track_id": 2, "bbox": [0, 109, 147, 238], "mask_file": "frame_0014_track_2.npy", "score": 1.0047451257705688}], "15": [{"track_id": 1, "bbox": [102, 56, 315, 165], "mask_file": "frame_0015_track_1.npy", "score": 1.0083972215652466}, {"track_id": 2, "bbox": [0, 106, 145, 238], "mask_file": "frame_0015_track_2.npy", "score": 0.9968801140785217}], "16": [{"track_id": 1, "bbox": [100, 55, 315, 165], "mask_file": "frame_0016_track_1.npy", "score": 1.0083818435668945}, {"track_id": 2, "bbox": [0, 104, 144, 238], "mask_file": "frame_0016_track_2.npy", "score": 0.9916782379150391}], "17": [{"track_id": 1, "bbox": [100, 55, 316, 165], "mask_file": "frame_0017_track_1.npy", "score": 1.0072027444839478}, {"track_id": 2, "bbox": [0, 104, 144, 237], "mask_file": "frame_0017_track_2.npy", "score": 0.9914888143539429}], "18": [{"track_id": 1, "bbox": [100, 54, 316, 163], "mask_file": "frame_0018_track_1.npy", "score": 1.0070500373840332}, {"track_id": 2, "bbox": [0, 104, 143, 233], "mask_file": "frame_0018_track_2.npy", "score": 0.9979243874549866}], "19": [{"track_id": 1, "bbox": [100, 53, 314, 162], "mask_file": "frame_0019_track_1.npy", "score": 1.0081632137298584}, {"track_id": 2, "bbox": [0, 101, 138, 221], "mask_file": "frame_0019_track_2.npy", "score": 0.9940831661224365}], "20": [{"track_id": 1, "bbox": [100, 52, 314, 161], "mask_file": "frame_0020_track_1.npy", "score": 1.0079492330551147}, {"track_id": 2, "bbox": [0, 99, 137, 218], "mask_file": "frame_0020_track_2.npy", "score": 0.9988576173782349}], "21": [{"track_id": 1, "bbox": [100, 52, 315, 159], "mask_file": "frame_0021_track_1.npy", "score": 1.0076582431793213}, {"track_id": 2, "bbox": [0, 96, 135, 215], "mask_file": "frame_0021_track_2.npy", "score": 0.9987649917602539}], "22": [{"track_id": 1, "bbox": [100, 51, 318, 155], "mask_file": "frame_0022_track_1.npy", "score": 1.003366231918335}, {"track_id": 2, "bbox": [0, 84, 122, 214], "mask_file": "frame_0022_track_2.npy", "score": 0.9981652498245239}], "23": [{"track_id": 1, "bbox": [100, 51, 319, 156], "mask_file": "frame_0023_track_1.npy", "score": 1.008326768875122}, {"track_id": 2, "bbox": [0, 79, 122, 217], "mask_file": "frame_0023_track_2.npy", "score": 0.9975705146789551}], "24": [{"track_id": 1, "bbox": [94, 43, 320, 161], "mask_file": "frame_0024_track_1.npy", "score": 0.9980428218841553}, {"track_id": 2, "bbox": [0, 65, 113, 221], "mask_file": "frame_0024_track_2.npy", "score": 0.9863634705543518}], "25": [{"track_id": 1, "bbox": [93, 29, 321, 164], "mask_file": "frame_0025_track_1.npy", "score": 0.9842625856399536}, {"track_id": 2, "bbox": [0, 55, 114, 227], "mask_file": "frame_0025_track_2.npy", "score": 0.9771034717559814}], "26": [{"track_id": 1, "bbox": [93, 22, 322, 166], "mask_file": "frame_0026_track_1.npy", "score": 1.0028879642486572}, {"track_id": 2, "bbox": [0, 37, 115, 237], "mask_file": "frame_0026_track_2.npy", "score": 0.9864468574523926}], "27": [{"track_id": 1, "bbox": [88, 18, 321, 165], "mask_file": "frame_0027_track_1.npy", "score": 0.9995994567871094}, {"track_id": 2, "bbox": [0, 26, 105, 238], "mask_file": "frame_0027_track_2.npy", "score": 0.9943809509277344}], "28": [{"track_id": 1, "bbox": [84, 17, 320, 167], "mask_file": "frame_0028_track_1.npy", "score": 1.0017366409301758}, {"track_id": 2, "bbox": [0, 27, 100, 238], "mask_file": "frame_0028_track_2.npy", "score": 0.9964562654495239}], "29": [{"track_id": 1, "bbox": [82, 2, 322, 176], "mask_file": "frame_0029_track_1.npy", "score": 0.9732687473297119}, {"track_id": 2, "bbox": [0, 16, 93, 238], "mask_file": "frame_0029_track_2.npy", "score": 0.9949055314064026}], "30": [{"track_id": 1, "bbox": [84, 1, 325, 181], "mask_file": "frame_0030_track_1.npy", "score": 0.9991343021392822}, {"track_id": 2, "bbox": [0, 13, 92, 238], "mask_file": "frame_0030_track_2.npy", "score": 0.9951233267784119}], "31": [{"track_id": 1, "bbox": [83, 0, 328, 181], "mask_file": "frame_0031_track_1.npy", "score": 0.9986213445663452}, {"track_id": 2, "bbox": [0, 4, 92, 238], "mask_file": "frame_0031_track_2.npy", "score": 1.002642035484314}], "32": [{"track_id": 1, "bbox": [75, 0, 333, 182], "mask_file": "frame_0032_track_1.npy", "score": 1.0026692152023315}, {"track_id": 2, "bbox": [0, 0, 88, 238], "mask_file": "frame_0032_track_2.npy", "score": 1.000378966331482}], "33": [{"track_id": 1, "bbox": [70, 0, 336, 181], "mask_file": "frame_0033_track_1.npy", "score": 1.0030436515808105}, {"track_id": 2, "bbox": [0, 0, 84, 238], "mask_file": "frame_0033_track_2.npy", "score": 1.0027707815170288}], "34": [{"track_id": 1, "bbox": [68, 0, 340, 178], "mask_file": "frame_0034_track_1.npy", "score": 1.0054641962051392}, {"track_id": 2, "bbox": [0, 1, 83, 238], "mask_file": "frame_0034_track_2.npy", "score": 1.0033165216445923}], "35": [{"track_id": 1, "bbox": [66, 0, 352, 179], "mask_file": "frame_0035_track_1.npy", "score": 1.0042974948883057}, {"track_id": 2, "bbox": [0, 0, 94, 238], "mask_file": "frame_0035_track_2.npy", "score": 0.9942259788513184}], "36": [{"track_id": 1, "bbox": [68, 0, 356, 191], "mask_file": "frame_0036_track_1.npy", "score": 1.0045117139816284}, {"track_id": 2, "bbox": [0, 17, 103, 238], "mask_file": "frame_0036_track_2.npy", "score": 0.9791355133056641}], "37": [{"track_id": 1, "bbox": [77, 0, 361, 188], "mask_file": "frame_0037_track_1.npy", "score": 1.0113887786865234}, {"track_id": 2, "bbox": [0, 15, 114, 238], "mask_file": "frame_0037_track_2.npy", "score": 1.002851128578186}], "38": [{"track_id": 1, "bbox": [77, 0, 362, 198], "mask_file": "frame_0038_track_1.npy", "score": 1.0044373273849487}, {"track_id": 2, "bbox": [0, 15, 117, 238], "mask_file": "frame_0038_track_2.npy", "score": 0.9965364336967468}], "39": [{"track_id": 1, "bbox": [76, 0, 361, 209], "mask_file": "frame_0039_track_1.npy", "score": 1.0035719871520996}, {"track_id": 2, "bbox": [0, 20, 118, 238], "mask_file": "frame_0039_track_2.npy", "score": 1.0003712177276611}], "40": [{"track_id": 1, "bbox": [73, 0, 361, 214], "mask_file": "frame_0040_track_1.npy", "score": 0.9986233711242676}, {"track_id": 2, "bbox": [0, 24, 117, 238], "mask_file": "frame_0040_track_2.npy", "score": 1.0002920627593994}], "41": [{"track_id": 1, "bbox": [70, 0, 361, 221], "mask_file": "frame_0041_track_1.npy", "score": 0.998530387878418}, {"track_id": 2, "bbox": [0, 33, 116, 238], "mask_file": "frame_0041_track_2.npy", "score": 0.991513192653656}], "42": [{"track_id": 1, "bbox": [71, 0, 361, 222], "mask_file": "frame_0042_track_1.npy", "score": 1.0007028579711914}, {"track_id": 2, "bbox": [0, 48, 114, 238], "mask_file": "frame_0042_track_2.npy", "score": 0.9964860677719116}], "43": [{"track_id": 1, "bbox": [73, 0, 362, 220], "mask_file": "frame_0043_track_1.npy", "score": 1.0023249387741089}, {"track_id": 2, "bbox": [0, 56, 114, 238], "mask_file": "frame_0043_track_2.npy", "score": 0.9970134496688843}], "44": [{"track_id": 1, "bbox": [85, 0, 365, 218], "mask_file": "frame_0044_track_1.npy", "score": 1.0077550411224365}, {"track_id": 2, "bbox": [0, 73, 120, 238], "mask_file": "frame_0044_track_2.npy", "score": 0.9969556927680969}], "45": [{"track_id": 1, "bbox": [92, 0, 362, 219], "mask_file": "frame_0045_track_1.npy", "score": 1.0060838460922241}, {"track_id": 2, "bbox": [8, 90, 114, 238], "mask_file": "frame_0045_track_2.npy", "score": 0.9977983832359314}], "46": [{"track_id": 1, "bbox": [95, 0, 361, 220], "mask_file": "frame_0046_track_1.npy", "score": 1.0008786916732788}, {"track_id": 2, "bbox": [13, 101, 114, 238], "mask_file": "frame_0046_track_2.npy", "score": 0.9948635101318359}], "47": [{"track_id": 1, "bbox": [100, 0, 357, 222], "mask_file": "frame_0047_track_1.npy", "score": 1.0078363418579102}, {"track_id": 2, "bbox": [27, 123, 114, 238], "mask_file": "frame_0047_track_2.npy", "score": 0.995619535446167}], "48": [{"track_id": 1, "bbox": [103, 0, 355, 223], "mask_file": "frame_0048_track_1.npy", "score": 1.0080496072769165}, {"track_id": 2, "bbox": [36, 141, 118, 238], "mask_file": "frame_0048_track_2.npy", "score": 0.9852543473243713}], "49": [{"track_id": 1, "bbox": [112, 0, 350, 222], "mask_file": "frame_0049_track_1.npy", "score": 1.007453441619873}, {"track_id": 2, "bbox": [34, 143, 127, 239], "mask_file": "frame_0049_track_2.npy", "score": 0.9570966958999634}], "50": [{"track_id": 1, "bbox": [114, 0, 346, 220], "mask_file": "frame_0050_track_1.npy", "score": 1.0080456733703613}, {"track_id": 2, "bbox": [35, 145, 130, 238], "mask_file": "frame_0050_track_2.npy", "score": 0.8935083150863647}], "51": [{"track_id": 1, "bbox": [118, 0, 339, 215], "mask_file": "frame_0051_track_1.npy", "score": 1.007779598236084}, {"track_id": 2, "bbox": [35, 144, 131, 239], "mask_file": "frame_0051_track_2.npy", "score": 0.9554003477096558}], "52": [{"track_id": 1, "bbox": [119, 0, 337, 212], "mask_file": "frame_0052_track_1.npy", "score": 1.0082831382751465}, {"track_id": 2, "bbox": [34, 142, 132, 239], "mask_file": "frame_0052_track_2.npy", "score": 0.8779228925704956}], "53": [{"track_id": 1, "bbox": [120, 0, 335, 207], "mask_file": "frame_0053_track_1.npy", "score": 1.00864839553833}, {"track_id": 2, "bbox": [31, 138, 132, 239], "mask_file": "frame_0053_track_2.npy", "score": 0.9301121234893799}], "54": [{"track_id": 1, "bbox": [124, 0, 336, 201], "mask_file": "frame_0054_track_1.npy", "score": 1.0078030824661255}, {"track_id": 2, "bbox": [32, 135, 136, 239], "mask_file": "frame_0054_track_2.npy", "score": 0.8928738832473755}], "55": [{"track_id": 1, "bbox": [129, 0, 338, 198], "mask_file": "frame_0055_track_1.npy", "score": 1.0086253881454468}, {"track_id": 2, "bbox": [35, 132, 140, 239], "mask_file": "frame_0055_track_2.npy", "score": 0.8784501552581787}], "56": [{"track_id": 1, "bbox": [133, 0, 339, 196], "mask_file": "frame_0056_track_1.npy", "score": 1.0073620080947876}, {"track_id": 2, "bbox": [40, 132, 143, 239], "mask_file": "frame_0056_track_2.npy", "score": 0.8422119617462158}], "57": [{"track_id": 1, "bbox": [135, 0, 339, 196], "mask_file": "frame_0057_track_1.npy", "score": 1.007766842842102}, {"track_id": 2, "bbox": [43, 132, 133, 239], "mask_file": "frame_0057_track_2.npy", "score": 0.8322749733924866}], "58": [{"track_id": 1, "bbox": [136, 0, 341, 196], "mask_file": "frame_0058_track_1.npy", "score": 1.0078917741775513}, {"track_id": 2, "bbox": [45, 133, 134, 238], "mask_file": "frame_0058_track_2.npy", "score": 0.8661248683929443}], "59": [{"track_id": 1, "bbox": [137, 0, 341, 198], "mask_file": "frame_0059_track_1.npy", "score": 1.007973551750183}, {"track_id": 2, "bbox": [45, 134, 146, 239], "mask_file": "frame_0059_track_2.npy", "score": 0.8545986413955688}], "60": [{"track_id": 1, "bbox": [136, 0, 340, 199], "mask_file": "frame_0060_track_1.npy", "score": 1.0063462257385254}, {"track_id": 2, "bbox": [45, 136, 147, 239], "mask_file": "frame_0060_track_2.npy", "score": 0.9047200679779053}]}