{"0": [{"track_id": 1, "bbox": [212, 56, 319, 129], "mask_file": "frame_0000_track_1.npy", "score": 0.9902294278144836}, {"track_id": 2, "bbox": [200, 101, 263, 159], "mask_file": "frame_0000_track_2.npy", "score": 1.0023897886276245}, {"track_id": 3, "bbox": [169, 55, 236, 191], "mask_file": "frame_0000_track_3.npy", "score": 0.9592252969741821}], "1": [{"track_id": 1, "bbox": [210, 58, 319, 138], "mask_file": "frame_0001_track_1.npy", "score": 0.9835871458053589}, {"track_id": 2, "bbox": [201, 111, 260, 168], "mask_file": "frame_0001_track_2.npy", "score": 0.9886980056762695}, {"track_id": 3, "bbox": [169, 55, 234, 191], "mask_file": "frame_0001_track_3.npy", "score": 0.9915591478347778}], "2": [{"track_id": 1, "bbox": [208, 58, 319, 149], "mask_file": "frame_0002_track_1.npy", "score": 0.9852035045623779}, {"track_id": 2, "bbox": [201, 114, 260, 175], "mask_file": "frame_0002_track_2.npy", "score": 0.9915729761123657}, {"track_id": 3, "bbox": [169, 55, 231, 191], "mask_file": "frame_0002_track_3.npy", "score": 0.9975476264953613}], "3": [{"track_id": 1, "bbox": [206, 57, 319, 151], "mask_file": "frame_0003_track_1.npy", "score": 0.988183856010437}, {"track_id": 2, "bbox": [201, 122, 254, 176], "mask_file": "frame_0003_track_2.npy", "score": 0.9746803045272827}, {"track_id": 3, "bbox": [169, 56, 231, 191], "mask_file": "frame_0003_track_3.npy", "score": 0.9926172494888306}], "4": [{"track_id": 1, "bbox": [203, 56, 319, 146], "mask_file": "frame_0004_track_1.npy", "score": 0.9928940534591675}, {"track_id": 2, "bbox": [199, 128, 243, 169], "mask_file": "frame_0004_track_2.npy", "score": 0.9834556579589844}, {"track_id": 3, "bbox": [169, 56, 235, 191], "mask_file": "frame_0004_track_3.npy", "score": 0.9964994192123413}], "5": [{"track_id": 1, "bbox": [203, 55, 319, 143], "mask_file": "frame_0005_track_1.npy", "score": 0.9930037260055542}, {"track_id": 2, "bbox": [204, 132, 240, 166], "mask_file": "frame_0005_track_2.npy", "score": 0.994570791721344}, {"track_id": 3, "bbox": [169, 56, 235, 191], "mask_file": "frame_0005_track_3.npy", "score": 0.991779088973999}], "6": [{"track_id": 1, "bbox": [202, 54, 319, 143], "mask_file": "frame_0006_track_1.npy", "score": 0.994408369064331}, {"track_id": 2, "bbox": [205, 132, 239, 164], "mask_file": "frame_0006_track_2.npy", "score": 0.9782953262329102}, {"track_id": 3, "bbox": [169, 56, 235, 191], "mask_file": "frame_0006_track_3.npy", "score": 0.9866853952407837}], "7": [{"track_id": 1, "bbox": [198, 54, 319, 146], "mask_file": "frame_0007_track_1.npy", "score": 0.9960857629776001}, {"track_id": 2, "bbox": [201, 135, 237, 164], "mask_file": "frame_0007_track_2.npy", "score": 0.9794235229492188}, {"track_id": 3, "bbox": [169, 56, 235, 191], "mask_file": "frame_0007_track_3.npy", "score": 0.9827425479888916}], "8": [{"track_id": 1, "bbox": [199, 54, 319, 135], "mask_file": "frame_0008_track_1.npy", "score": 0.9926159381866455}, {"track_id": 2, "bbox": [203, 132, 234, 159], "mask_file": "frame_0008_track_2.npy", "score": 0.998023271560669}, {"track_id": 3, "bbox": [169, 56, 237, 191], "mask_file": "frame_0008_track_3.npy", "score": 0.9823633432388306}], "9": [{"track_id": 1, "bbox": [195, 53, 319, 131], "mask_file": "frame_0009_track_1.npy", "score": 0.9935626983642578}, {"track_id": 2, "bbox": [203, 128, 235, 154], "mask_file": "frame_0009_track_2.npy", "score": 0.9874706268310547}, {"track_id": 3, "bbox": [169, 56, 239, 190], "mask_file": "frame_0009_track_3.npy", "score": 1.0046905279159546}], "10": [{"track_id": 1, "bbox": [195, 58, 319, 128], "mask_file": "frame_0010_track_1.npy", "score": 0.9928385019302368}, {"track_id": 2, "bbox": [203, 130, 238, 155], "mask_file": "frame_0010_track_2.npy", "score": 0.9795700311660767}, {"track_id": 3, "bbox": [168, 57, 245, 191], "mask_file": "frame_0010_track_3.npy", "score": 1.0089905261993408}], "11": [{"track_id": 1, "bbox": [204, 55, 319, 120], "mask_file": "frame_0011_track_1.npy", "score": 0.9864040613174438}, {"track_id": 2, "bbox": [202, 124, 235, 157], "mask_file": "frame_0011_track_2.npy", "score": 0.9786728620529175}, {"track_id": 3, "bbox": [168, 57, 245, 190], "mask_file": "frame_0011_track_3.npy", "score": 1.008909821510315}], "12": [{"track_id": 1, "bbox": [216, 49, 319, 113], "mask_file": "frame_0012_track_1.npy", "score": 0.9838385581970215}, {"track_id": 2, "bbox": [202, 119, 235, 157], "mask_file": "frame_0012_track_2.npy", "score": 0.9939243793487549}, {"track_id": 3, "bbox": [168, 57, 245, 191], "mask_file": "frame_0012_track_3.npy", "score": 1.0083272457122803}], "13": [{"track_id": 1, "bbox": [251, 37, 319, 88], "mask_file": "frame_0013_track_1.npy", "score": 0.966873824596405}, {"track_id": 2, "bbox": [202, 119, 235, 157], "mask_file": "frame_0013_track_2.npy", "score": 0.998254656791687}, {"track_id": 3, "bbox": [168, 58, 245, 191], "mask_file": "frame_0013_track_3.npy", "score": 1.0090280771255493}], "14": [{"track_id": 1, "bbox": [264, 42, 319, 91], "mask_file": "frame_0014_track_1.npy", "score": 0.9147168397903442}, {"track_id": 2, "bbox": [202, 119, 235, 157], "mask_file": "frame_0014_track_2.npy", "score": 0.9952229261398315}, {"track_id": 3, "bbox": [168, 58, 245, 191], "mask_file": "frame_0014_track_3.npy", "score": 1.0069541931152344}], "15": [{"track_id": 1, "bbox": [267, 43, 319, 92], "mask_file": "frame_0015_track_1.npy", "score": 0.9547991752624512}, {"track_id": 2, "bbox": [202, 119, 235, 158], "mask_file": "frame_0015_track_2.npy", "score": 0.9948455095291138}, {"track_id": 3, "bbox": [168, 58, 245, 191], "mask_file": "frame_0015_track_3.npy", "score": 1.0097445249557495}], "16": [{"track_id": 1, "bbox": [268, 45, 319, 91], "mask_file": "frame_0016_track_1.npy", "score": 0.9642586708068848}, {"track_id": 2, "bbox": [202, 120, 235, 157], "mask_file": "frame_0016_track_2.npy", "score": 0.9962303638458252}, {"track_id": 3, "bbox": [168, 58, 245, 191], "mask_file": "frame_0016_track_3.npy", "score": 1.0075045824050903}], "17": [{"track_id": 1, "bbox": [269, 45, 319, 91], "mask_file": "frame_0017_track_1.npy", "score": 0.9646620750427246}, {"track_id": 2, "bbox": [202, 120, 235, 157], "mask_file": "frame_0017_track_2.npy", "score": 0.9927588701248169}, {"track_id": 3, "bbox": [168, 58, 245, 191], "mask_file": "frame_0017_track_3.npy", "score": 1.0080454349517822}], "18": [{"track_id": 1, "bbox": [270, 45, 319, 89], "mask_file": "frame_0018_track_1.npy", "score": 0.9659039974212646}, {"track_id": 2, "bbox": [202, 120, 235, 157], "mask_file": "frame_0018_track_2.npy", "score": 0.9924198389053345}, {"track_id": 3, "bbox": [168, 59, 245, 191], "mask_file": "frame_0018_track_3.npy", "score": 1.0077807903289795}], "19": [{"track_id": 1, "bbox": [269, 45, 319, 91], "mask_file": "frame_0019_track_1.npy", "score": 0.9743050336837769}, {"track_id": 2, "bbox": [202, 121, 234, 158], "mask_file": "frame_0019_track_2.npy", "score": 0.9922254085540771}, {"track_id": 3, "bbox": [168, 60, 244, 192], "mask_file": "frame_0019_track_3.npy", "score": 1.007509469985962}], "20": [{"track_id": 1, "bbox": [268, 45, 319, 94], "mask_file": "frame_0020_track_1.npy", "score": 0.973432183265686}, {"track_id": 2, "bbox": [202, 122, 235, 159], "mask_file": "frame_0020_track_2.npy", "score": 0.9915103912353516}, {"track_id": 3, "bbox": [168, 61, 245, 193], "mask_file": "frame_0020_track_3.npy", "score": 1.0057954788208008}], "21": [{"track_id": 1, "bbox": [268, 48, 319, 101], "mask_file": "frame_0021_track_1.npy", "score": 0.9730653762817383}, {"track_id": 2, "bbox": [203, 125, 236, 157], "mask_file": "frame_0021_track_2.npy", "score": 0.9829816222190857}, {"track_id": 3, "bbox": [169, 64, 247, 197], "mask_file": "frame_0021_track_3.npy", "score": 1.0075486898422241}]}