{"0": [{"track_id": 1, "bbox": [87, 163, 357, 191], "mask_file": "frame_0000_track_1.npy", "score": 0.9794912338256836}, {"track_id": 2, "bbox": [118, 0, 242, 70], "mask_file": "frame_0000_track_2.npy", "score": 0.9240439534187317}], "1": [{"track_id": 1, "bbox": [87, 163, 357, 191], "mask_file": "frame_0001_track_1.npy", "score": 0.9943307638168335}, {"track_id": 2, "bbox": [112, 0, 242, 71], "mask_file": "frame_0001_track_2.npy", "score": 0.9814945459365845}], "2": [{"track_id": 1, "bbox": [87, 163, 357, 191], "mask_file": "frame_0002_track_1.npy", "score": 0.9941238164901733}, {"track_id": 2, "bbox": [102, 0, 242, 72], "mask_file": "frame_0002_track_2.npy", "score": 0.9850683212280273}], "3": [{"track_id": 1, "bbox": [84, 162, 354, 191], "mask_file": "frame_0003_track_1.npy", "score": 0.9950817823410034}, {"track_id": 2, "bbox": [97, 0, 240, 71], "mask_file": "frame_0003_track_2.npy", "score": 0.9940327405929565}], "4": [{"track_id": 1, "bbox": [82, 164, 352, 192], "mask_file": "frame_0004_track_1.npy", "score": 0.9968411922454834}, {"track_id": 2, "bbox": [93, 0, 239, 72], "mask_file": "frame_0004_track_2.npy", "score": 0.9899839162826538}], "5": [{"track_id": 1, "bbox": [79, 166, 350, 194], "mask_file": "frame_0005_track_1.npy", "score": 0.9948042631149292}, {"track_id": 2, "bbox": [90, 0, 236, 74], "mask_file": "frame_0005_track_2.npy", "score": 0.9889180660247803}], "6": [{"track_id": 1, "bbox": [78, 167, 350, 194], "mask_file": "frame_0006_track_1.npy", "score": 0.9923512935638428}, {"track_id": 2, "bbox": [88, 0, 235, 74], "mask_file": "frame_0006_track_2.npy", "score": 0.9923337697982788}], "7": [{"track_id": 1, "bbox": [74, 167, 346, 197], "mask_file": "frame_0007_track_1.npy", "score": 0.9954224824905396}, {"track_id": 2, "bbox": [87, 0, 234, 75], "mask_file": "frame_0007_track_2.npy", "score": 0.9849363565444946}], "8": [{"track_id": 1, "bbox": [74, 169, 345, 197], "mask_file": "frame_0008_track_1.npy", "score": 0.9951364994049072}, {"track_id": 2, "bbox": [85, 0, 233, 77], "mask_file": "frame_0008_track_2.npy", "score": 0.9879415035247803}], "9": [{"track_id": 1, "bbox": [80, 167, 346, 193], "mask_file": "frame_0009_track_1.npy", "score": 0.9877877235412598}, {"track_id": 2, "bbox": [87, 0, 233, 78], "mask_file": "frame_0009_track_2.npy", "score": 0.9787263870239258}], "10": [{"track_id": 1, "bbox": [82, 164, 347, 190], "mask_file": "frame_0010_track_1.npy", "score": 0.992793083190918}, {"track_id": 2, "bbox": [89, 0, 236, 75], "mask_file": "frame_0010_track_2.npy", "score": 0.9899657964706421}], "11": [{"track_id": 1, "bbox": [83, 161, 347, 187], "mask_file": "frame_0011_track_1.npy", "score": 0.9930657148361206}, {"track_id": 2, "bbox": [130, 10, 260, 123], "mask_file": "frame_0011_track_2.npy", "score": 0.9371395111083984}], "12": [{"track_id": 1, "bbox": [81, 160, 346, 187], "mask_file": "frame_0012_track_1.npy", "score": 0.997183084487915}, {"track_id": 2, "bbox": [125, 0, 237, 112], "mask_file": "frame_0012_track_2.npy", "score": 0.9595935344696045}], "13": [{"track_id": 1, "bbox": [78, 158, 342, 185], "mask_file": "frame_0013_track_1.npy", "score": 0.9928998947143555}, {"track_id": 2, "bbox": [124, 0, 232, 111], "mask_file": "frame_0013_track_2.npy", "score": 0.9360983371734619}], "14": [{"track_id": 1, "bbox": [75, 156, 337, 183], "mask_file": "frame_0014_track_1.npy", "score": 0.9922460317611694}, {"track_id": 2, "bbox": [132, 0, 225, 62], "mask_file": "frame_0014_track_2.npy", "score": 0.9483758211135864}], "15": [{"track_id": 1, "bbox": [72, 155, 334, 180], "mask_file": "frame_0015_track_1.npy", "score": 0.9936368465423584}, {"track_id": 2, "bbox": [116, 0, 223, 52], "mask_file": "frame_0015_track_2.npy", "score": 0.9694923162460327}], "16": [{"track_id": 1, "bbox": [67, 150, 332, 175], "mask_file": "frame_0016_track_1.npy", "score": 0.9897729158401489}, {"track_id": 2, "bbox": [117, 0, 222, 45], "mask_file": "frame_0016_track_2.npy", "score": 0.9279967546463013}], "17": [{"track_id": 1, "bbox": [81, 145, 341, 171], "mask_file": "frame_0017_track_1.npy", "score": 0.9913681745529175}, {"track_id": 2, "bbox": [121, 0, 212, 38], "mask_file": "frame_0017_track_2.npy", "score": 0.9525789022445679}], "18": [{"track_id": 1, "bbox": [91, 151, 347, 172], "mask_file": "frame_0018_track_1.npy", "score": 0.9882254600524902}, {"track_id": 2, "bbox": [122, 0, 220, 44], "mask_file": "frame_0018_track_2.npy", "score": 0.9394751787185669}], "19": [{"track_id": 1, "bbox": [105, 158, 355, 178], "mask_file": "frame_0019_track_1.npy", "score": 0.9887781143188477}, {"track_id": 2, "bbox": [136, 0, 219, 51], "mask_file": "frame_0019_track_2.npy", "score": 0.9709813594818115}], "20": [{"track_id": 1, "bbox": [112, 161, 359, 180], "mask_file": "frame_0020_track_1.npy", "score": 0.983224630355835}, {"track_id": 2, "bbox": [133, 0, 223, 57], "mask_file": "frame_0020_track_2.npy", "score": 0.9541308879852295}], "21": [{"track_id": 1, "bbox": [123, 174, 362, 193], "mask_file": "frame_0021_track_1.npy", "score": 0.8898162841796875}, {"track_id": 2, "bbox": [140, 0, 232, 63], "mask_file": "frame_0021_track_2.npy", "score": 0.9460878372192383}], "22": [{"track_id": 1, "bbox": [129, 176, 365, 196], "mask_file": "frame_0022_track_1.npy", "score": 0.9936456680297852}, {"track_id": 2, "bbox": [147, 0, 230, 64], "mask_file": "frame_0022_track_2.npy", "score": 0.8930752277374268}], "23": [{"track_id": 1, "bbox": [131, 188, 359, 209], "mask_file": "frame_0023_track_1.npy", "score": 0.9649815559387207}, {"track_id": 2, "bbox": [151, 0, 238, 73], "mask_file": "frame_0023_track_2.npy", "score": 0.9350309371948242}], "24": [{"track_id": 1, "bbox": [135, 190, 355, 213], "mask_file": "frame_0024_track_1.npy", "score": 0.9881647825241089}, {"track_id": 2, "bbox": [155, 5, 234, 76], "mask_file": "frame_0024_track_2.npy", "score": 0.8953093886375427}], "25": [{"track_id": 1, "bbox": [123, 189, 337, 213], "mask_file": "frame_0025_track_1.npy", "score": 0.994592547416687}, {"track_id": 2, "bbox": [148, 11, 242, 79], "mask_file": "frame_0025_track_2.npy", "score": 0.9599366188049316}], "26": [{"track_id": 1, "bbox": [122, 188, 332, 212], "mask_file": "frame_0026_track_1.npy", "score": 0.9961447715759277}, {"track_id": 2, "bbox": [145, 14, 239, 81], "mask_file": "frame_0026_track_2.npy", "score": 0.9775016903877258}], "27": [{"track_id": 1, "bbox": [120, 189, 325, 211], "mask_file": "frame_0027_track_1.npy", "score": 0.9990668296813965}, {"track_id": 2, "bbox": [142, 19, 234, 85], "mask_file": "frame_0027_track_2.npy", "score": 0.9743136763572693}], "28": [{"track_id": 1, "bbox": [114, 188, 317, 211], "mask_file": "frame_0028_track_1.npy", "score": 0.995017409324646}, {"track_id": 2, "bbox": [140, 20, 229, 84], "mask_file": "frame_0028_track_2.npy", "score": 0.9509697556495667}], "29": [{"track_id": 1, "bbox": [113, 188, 314, 211], "mask_file": "frame_0029_track_1.npy", "score": 0.9947123527526855}, {"track_id": 2, "bbox": [137, 22, 227, 86], "mask_file": "frame_0029_track_2.npy", "score": 0.9684350490570068}], "30": [{"track_id": 1, "bbox": [112, 185, 314, 209], "mask_file": "frame_0030_track_1.npy", "score": 0.9940657615661621}, {"track_id": 2, "bbox": [137, 20, 227, 84], "mask_file": "frame_0030_track_2.npy", "score": 0.9673077464103699}], "31": [{"track_id": 1, "bbox": [123, 183, 323, 208], "mask_file": "frame_0031_track_1.npy", "score": 0.9927808046340942}, {"track_id": 2, "bbox": [147, 18, 235, 90], "mask_file": "frame_0031_track_2.npy", "score": 0.9652347564697266}], "32": [{"track_id": 1, "bbox": [119, 181, 320, 206], "mask_file": "frame_0032_track_1.npy", "score": 0.9902400970458984}, {"track_id": 2, "bbox": [143, 16, 234, 100], "mask_file": "frame_0032_track_2.npy", "score": 1.0040699243545532}]}