{"0": [{"track_id": 1, "bbox": [281, 56, 426, 210], "mask_file": "frame_0000_track_1.npy", "score": 0.9955853819847107}, {"track_id": 2, "bbox": [217, 58, 351, 111], "mask_file": "frame_0000_track_2.npy", "score": 0.9892405271530151}, {"track_id": 3, "bbox": [0, 64, 335, 239], "mask_file": "frame_0000_track_3.npy", "score": 0.9998558759689331}], "1": [{"track_id": 1, "bbox": [281, 55, 426, 207], "mask_file": "frame_0001_track_1.npy", "score": 1.005794882774353}, {"track_id": 2, "bbox": [217, 56, 351, 109], "mask_file": "frame_0001_track_2.npy", "score": 1.000820517539978}, {"track_id": 3, "bbox": [0, 62, 337, 239], "mask_file": "frame_0001_track_3.npy", "score": 1.0046162605285645}], "2": [{"track_id": 1, "bbox": [281, 53, 426, 202], "mask_file": "frame_0002_track_1.npy", "score": 1.0030767917633057}, {"track_id": 2, "bbox": [217, 55, 351, 108], "mask_file": "frame_0002_track_2.npy", "score": 0.998368501663208}, {"track_id": 3, "bbox": [0, 62, 337, 239], "mask_file": "frame_0002_track_3.npy", "score": 1.0064921379089355}], "3": [{"track_id": 1, "bbox": [278, 47, 426, 197], "mask_file": "frame_0003_track_1.npy", "score": 0.9999371767044067}, {"track_id": 2, "bbox": [216, 51, 351, 103], "mask_file": "frame_0003_track_2.npy", "score": 0.9985438585281372}, {"track_id": 3, "bbox": [0, 57, 341, 239], "mask_file": "frame_0003_track_3.npy", "score": 1.0020091533660889}], "4": [{"track_id": 1, "bbox": [271, 47, 426, 198], "mask_file": "frame_0004_track_1.npy", "score": 1.000482439994812}, {"track_id": 2, "bbox": [211, 49, 340, 100], "mask_file": "frame_0004_track_2.npy", "score": 0.9967919588088989}, {"track_id": 3, "bbox": [0, 55, 340, 239], "mask_file": "frame_0004_track_3.npy", "score": 1.0021158456802368}], "5": [{"track_id": 1, "bbox": [265, 46, 426, 198], "mask_file": "frame_0005_track_1.npy", "score": 1.0055339336395264}, {"track_id": 2, "bbox": [204, 48, 334, 100], "mask_file": "frame_0005_track_2.npy", "score": 0.9963119029998779}, {"track_id": 3, "bbox": [0, 54, 334, 239], "mask_file": "frame_0005_track_3.npy", "score": 0.9998882412910461}], "6": [{"track_id": 1, "bbox": [254, 39, 426, 200], "mask_file": "frame_0006_track_1.npy", "score": 1.0071426630020142}, {"track_id": 2, "bbox": [193, 48, 324, 101], "mask_file": "frame_0006_track_2.npy", "score": 1.000767469406128}, {"track_id": 3, "bbox": [0, 54, 325, 239], "mask_file": "frame_0006_track_3.npy", "score": 0.9991322159767151}], "7": [{"track_id": 1, "bbox": [248, 35, 426, 205], "mask_file": "frame_0007_track_1.npy", "score": 1.0043107271194458}, {"track_id": 2, "bbox": [184, 48, 317, 102], "mask_file": "frame_0007_track_2.npy", "score": 1.0010071992874146}, {"track_id": 3, "bbox": [0, 54, 320, 239], "mask_file": "frame_0007_track_3.npy", "score": 0.9949566125869751}], "8": [{"track_id": 1, "bbox": [243, 31, 426, 209], "mask_file": "frame_0008_track_1.npy", "score": 1.0031496286392212}, {"track_id": 2, "bbox": [176, 48, 311, 104], "mask_file": "frame_0008_track_2.npy", "score": 1.000065565109253}, {"track_id": 3, "bbox": [0, 55, 314, 239], "mask_file": "frame_0008_track_3.npy", "score": 0.9936195611953735}], "9": [{"track_id": 1, "bbox": [239, 28, 426, 217], "mask_file": "frame_0009_track_1.npy", "score": 1.0027530193328857}, {"track_id": 2, "bbox": [167, 49, 304, 107], "mask_file": "frame_0009_track_2.npy", "score": 1.0000337362289429}, {"track_id": 3, "bbox": [0, 56, 308, 239], "mask_file": "frame_0009_track_3.npy", "score": 0.9910302758216858}], "10": [{"track_id": 1, "bbox": [230, 28, 426, 227], "mask_file": "frame_0010_track_1.npy", "score": 0.9989340305328369}, {"track_id": 2, "bbox": [159, 52, 296, 111], "mask_file": "frame_0010_track_2.npy", "score": 1.0012338161468506}, {"track_id": 3, "bbox": [0, 60, 300, 239], "mask_file": "frame_0010_track_3.npy", "score": 0.9939796924591064}], "11": [{"track_id": 1, "bbox": [229, 29, 426, 231], "mask_file": "frame_0011_track_1.npy", "score": 1.004917025566101}, {"track_id": 2, "bbox": [157, 54, 295, 113], "mask_file": "frame_0011_track_2.npy", "score": 1.0012441873550415}, {"track_id": 3, "bbox": [0, 61, 299, 239], "mask_file": "frame_0011_track_3.npy", "score": 0.9961161613464355}], "12": [{"track_id": 1, "bbox": [228, 32, 426, 235], "mask_file": "frame_0012_track_1.npy", "score": 1.0045503377914429}, {"track_id": 2, "bbox": [156, 56, 294, 117], "mask_file": "frame_0012_track_2.npy", "score": 1.0003306865692139}, {"track_id": 3, "bbox": [0, 63, 297, 239], "mask_file": "frame_0012_track_3.npy", "score": 0.9937140941619873}], "13": [{"track_id": 1, "bbox": [227, 34, 426, 237], "mask_file": "frame_0013_track_1.npy", "score": 1.001182198524475}, {"track_id": 2, "bbox": [154, 57, 293, 118], "mask_file": "frame_0013_track_2.npy", "score": 1.0021554231643677}, {"track_id": 3, "bbox": [0, 63, 295, 239], "mask_file": "frame_0013_track_3.npy", "score": 0.9930436611175537}], "14": [{"track_id": 1, "bbox": [224, 35, 426, 239], "mask_file": "frame_0014_track_1.npy", "score": 1.006142258644104}, {"track_id": 2, "bbox": [152, 58, 290, 119], "mask_file": "frame_0014_track_2.npy", "score": 1.002145767211914}, {"track_id": 3, "bbox": [0, 64, 291, 239], "mask_file": "frame_0014_track_3.npy", "score": 0.9920554161071777}], "15": [{"track_id": 1, "bbox": [221, 35, 426, 239], "mask_file": "frame_0015_track_1.npy", "score": 1.0050344467163086}, {"track_id": 2, "bbox": [148, 58, 287, 119], "mask_file": "frame_0015_track_2.npy", "score": 1.002267599105835}, {"track_id": 3, "bbox": [0, 63, 290, 239], "mask_file": "frame_0015_track_3.npy", "score": 0.9951632022857666}], "16": [{"track_id": 1, "bbox": [214, 34, 426, 239], "mask_file": "frame_0016_track_1.npy", "score": 1.0046932697296143}, {"track_id": 2, "bbox": [139, 57, 281, 119], "mask_file": "frame_0016_track_2.npy", "score": 1.0014501810073853}, {"track_id": 3, "bbox": [0, 63, 284, 239], "mask_file": "frame_0016_track_3.npy", "score": 0.9958658218383789}], "17": [{"track_id": 1, "bbox": [207, 33, 426, 239], "mask_file": "frame_0017_track_1.npy", "score": 1.0034934282302856}, {"track_id": 2, "bbox": [132, 57, 276, 120], "mask_file": "frame_0017_track_2.npy", "score": 1.0016452074050903}, {"track_id": 3, "bbox": [0, 63, 280, 239], "mask_file": "frame_0017_track_3.npy", "score": 0.993588924407959}], "18": [{"track_id": 1, "bbox": [195, 32, 426, 239], "mask_file": "frame_0018_track_1.npy", "score": 1.0027892589569092}, {"track_id": 2, "bbox": [117, 57, 266, 123], "mask_file": "frame_0018_track_2.npy", "score": 0.9978585243225098}, {"track_id": 3, "bbox": [0, 63, 270, 239], "mask_file": "frame_0018_track_3.npy", "score": 0.9919679164886475}], "19": [{"track_id": 1, "bbox": [190, 32, 426, 239], "mask_file": "frame_0019_track_1.npy", "score": 1.0009914636611938}, {"track_id": 2, "bbox": [111, 58, 260, 126], "mask_file": "frame_0019_track_2.npy", "score": 1.0041030645370483}, {"track_id": 3, "bbox": [0, 64, 265, 239], "mask_file": "frame_0019_track_3.npy", "score": 1.0018278360366821}], "20": [{"track_id": 1, "bbox": [184, 35, 426, 239], "mask_file": "frame_0020_track_1.npy", "score": 1.0044054985046387}, {"track_id": 2, "bbox": [105, 60, 255, 129], "mask_file": "frame_0020_track_2.npy", "score": 1.0053176879882812}, {"track_id": 3, "bbox": [0, 66, 260, 239], "mask_file": "frame_0020_track_3.npy", "score": 1.001007080078125}], "21": [{"track_id": 1, "bbox": [183, 37, 426, 239], "mask_file": "frame_0021_track_1.npy", "score": 0.9981570839881897}, {"track_id": 2, "bbox": [105, 61, 255, 131], "mask_file": "frame_0021_track_2.npy", "score": 1.0048136711120605}, {"track_id": 3, "bbox": [0, 68, 259, 239], "mask_file": "frame_0021_track_3.npy", "score": 1.0023586750030518}], "22": [{"track_id": 1, "bbox": [183, 38, 426, 239], "mask_file": "frame_0022_track_1.npy", "score": 0.9957559108734131}, {"track_id": 2, "bbox": [105, 62, 256, 132], "mask_file": "frame_0022_track_2.npy", "score": 1.0048339366912842}, {"track_id": 3, "bbox": [0, 68, 260, 239], "mask_file": "frame_0022_track_3.npy", "score": 1.001752257347107}], "23": [{"track_id": 1, "bbox": [182, 39, 426, 239], "mask_file": "frame_0023_track_1.npy", "score": 0.997809886932373}, {"track_id": 2, "bbox": [104, 62, 256, 132], "mask_file": "frame_0023_track_2.npy", "score": 1.0047963857650757}, {"track_id": 3, "bbox": [0, 68, 260, 239], "mask_file": "frame_0023_track_3.npy", "score": 1.0015387535095215}], "24": [{"track_id": 1, "bbox": [181, 38, 426, 239], "mask_file": "frame_0024_track_1.npy", "score": 0.9978199005126953}, {"track_id": 2, "bbox": [103, 61, 256, 132], "mask_file": "frame_0024_track_2.npy", "score": 1.0044760704040527}, {"track_id": 3, "bbox": [0, 67, 260, 239], "mask_file": "frame_0024_track_3.npy", "score": 1.0019460916519165}], "25": [{"track_id": 1, "bbox": [180, 38, 426, 239], "mask_file": "frame_0025_track_1.npy", "score": 0.9978221654891968}, {"track_id": 2, "bbox": [101, 61, 255, 132], "mask_file": "frame_0025_track_2.npy", "score": 1.0045825242996216}, {"track_id": 3, "bbox": [0, 66, 260, 239], "mask_file": "frame_0025_track_3.npy", "score": 1.0011974573135376}], "26": [{"track_id": 1, "bbox": [179, 38, 426, 239], "mask_file": "frame_0026_track_1.npy", "score": 1.0005213022232056}, {"track_id": 2, "bbox": [99, 60, 255, 133], "mask_file": "frame_0026_track_2.npy", "score": 1.0048245191574097}, {"track_id": 3, "bbox": [0, 66, 258, 239], "mask_file": "frame_0026_track_3.npy", "score": 1.001758337020874}], "27": [{"track_id": 1, "bbox": [179, 39, 426, 239], "mask_file": "frame_0027_track_1.npy", "score": 0.9968757629394531}, {"track_id": 2, "bbox": [99, 61, 256, 134], "mask_file": "frame_0027_track_2.npy", "score": 1.0052106380462646}, {"track_id": 3, "bbox": [0, 66, 260, 239], "mask_file": "frame_0027_track_3.npy", "score": 1.0018575191497803}], "28": [{"track_id": 1, "bbox": [178, 40, 426, 239], "mask_file": "frame_0028_track_1.npy", "score": 1.0004396438598633}, {"track_id": 2, "bbox": [97, 62, 256, 136], "mask_file": "frame_0028_track_2.npy", "score": 1.0052776336669922}, {"track_id": 3, "bbox": [0, 67, 260, 239], "mask_file": "frame_0028_track_3.npy", "score": 1.0003362894058228}], "29": [{"track_id": 1, "bbox": [173, 42, 426, 239], "mask_file": "frame_0029_track_1.npy", "score": 1.000363826751709}, {"track_id": 2, "bbox": [92, 63, 254, 139], "mask_file": "frame_0029_track_2.npy", "score": 1.0052176713943481}, {"track_id": 3, "bbox": [0, 65, 256, 239], "mask_file": "frame_0029_track_3.npy", "score": 0.9989733695983887}], "30": [{"track_id": 1, "bbox": [168, 42, 426, 239], "mask_file": "frame_0030_track_1.npy", "score": 0.9986718893051147}, {"track_id": 2, "bbox": [87, 63, 249, 141], "mask_file": "frame_0030_track_2.npy", "score": 1.0052940845489502}, {"track_id": 3, "bbox": [0, 67, 252, 239], "mask_file": "frame_0030_track_3.npy", "score": 1.0016134977340698}], "31": [{"track_id": 1, "bbox": [163, 43, 426, 239], "mask_file": "frame_0031_track_1.npy", "score": 1.0035347938537598}, {"track_id": 2, "bbox": [81, 64, 244, 143], "mask_file": "frame_0031_track_2.npy", "score": 1.0052257776260376}, {"track_id": 3, "bbox": [0, 69, 247, 239], "mask_file": "frame_0031_track_3.npy", "score": 1.0001394748687744}], "32": [{"track_id": 1, "bbox": [161, 44, 426, 239], "mask_file": "frame_0032_track_1.npy", "score": 1.002867341041565}, {"track_id": 2, "bbox": [79, 65, 243, 144], "mask_file": "frame_0032_track_2.npy", "score": 1.0051823854446411}, {"track_id": 3, "bbox": [0, 69, 245, 239], "mask_file": "frame_0032_track_3.npy", "score": 0.9997488856315613}], "33": [{"track_id": 1, "bbox": [161, 44, 426, 239], "mask_file": "frame_0033_track_1.npy", "score": 1.0045762062072754}, {"track_id": 2, "bbox": [78, 65, 243, 144], "mask_file": "frame_0033_track_2.npy", "score": 1.0049855709075928}, {"track_id": 3, "bbox": [0, 69, 245, 239], "mask_file": "frame_0033_track_3.npy", "score": 1.0002423524856567}], "34": [{"track_id": 1, "bbox": [160, 43, 426, 239], "mask_file": "frame_0034_track_1.npy", "score": 1.0034449100494385}, {"track_id": 2, "bbox": [77, 64, 243, 145], "mask_file": "frame_0034_track_2.npy", "score": 1.005039930343628}, {"track_id": 3, "bbox": [0, 67, 245, 239], "mask_file": "frame_0034_track_3.npy", "score": 1.0007739067077637}], "35": [{"track_id": 1, "bbox": [157, 44, 426, 239], "mask_file": "frame_0035_track_1.npy", "score": 1.0029919147491455}, {"track_id": 2, "bbox": [75, 65, 240, 145], "mask_file": "frame_0035_track_2.npy", "score": 1.0056819915771484}, {"track_id": 3, "bbox": [0, 65, 243, 239], "mask_file": "frame_0035_track_3.npy", "score": 0.9999109506607056}], "36": [{"track_id": 1, "bbox": [155, 43, 426, 239], "mask_file": "frame_0036_track_1.npy", "score": 1.0037271976470947}, {"track_id": 2, "bbox": [73, 64, 239, 145], "mask_file": "frame_0036_track_2.npy", "score": 1.0053292512893677}, {"track_id": 3, "bbox": [0, 65, 242, 239], "mask_file": "frame_0036_track_3.npy", "score": 0.9999392032623291}], "37": [{"track_id": 1, "bbox": [153, 44, 426, 239], "mask_file": "frame_0037_track_1.npy", "score": 1.002362608909607}, {"track_id": 2, "bbox": [70, 65, 236, 147], "mask_file": "frame_0037_track_2.npy", "score": 1.0061696767807007}, {"track_id": 3, "bbox": [0, 65, 240, 239], "mask_file": "frame_0037_track_3.npy", "score": 0.9965286254882812}], "38": [{"track_id": 1, "bbox": [148, 45, 426, 239], "mask_file": "frame_0038_track_1.npy", "score": 1.0025850534439087}, {"track_id": 2, "bbox": [65, 66, 232, 150], "mask_file": "frame_0038_track_2.npy", "score": 1.0070351362228394}, {"track_id": 3, "bbox": [0, 69, 235, 239], "mask_file": "frame_0038_track_3.npy", "score": 0.9898010492324829}], "39": [{"track_id": 1, "bbox": [135, 47, 426, 239], "mask_file": "frame_0039_track_1.npy", "score": 1.0017075538635254}, {"track_id": 2, "bbox": [49, 67, 219, 155], "mask_file": "frame_0039_track_2.npy", "score": 1.005596399307251}, {"track_id": 3, "bbox": [0, 71, 223, 239], "mask_file": "frame_0039_track_3.npy", "score": 0.9801760911941528}], "40": [{"track_id": 1, "bbox": [125, 47, 426, 239], "mask_file": "frame_0040_track_1.npy", "score": 1.002414345741272}, {"track_id": 2, "bbox": [41, 67, 211, 156], "mask_file": "frame_0040_track_2.npy", "score": 1.0048927068710327}, {"track_id": 3, "bbox": [0, 71, 216, 239], "mask_file": "frame_0040_track_3.npy", "score": 0.9736098647117615}], "41": [{"track_id": 1, "bbox": [119, 46, 426, 239], "mask_file": "frame_0041_track_1.npy", "score": 1.0041950941085815}, {"track_id": 2, "bbox": [42, 66, 205, 156], "mask_file": "frame_0041_track_2.npy", "score": 1.0042134523391724}, {"track_id": 3, "bbox": [0, 71, 210, 239], "mask_file": "frame_0041_track_3.npy", "score": 0.9920437335968018}], "42": [{"track_id": 1, "bbox": [122, 45, 426, 239], "mask_file": "frame_0042_track_1.npy", "score": 1.000659704208374}, {"track_id": 2, "bbox": [45, 65, 209, 155], "mask_file": "frame_0042_track_2.npy", "score": 1.0037078857421875}, {"track_id": 3, "bbox": [0, 71, 212, 239], "mask_file": "frame_0042_track_3.npy", "score": 0.9762477874755859}], "43": [{"track_id": 1, "bbox": [125, 44, 426, 239], "mask_file": "frame_0043_track_1.npy", "score": 0.9953693151473999}, {"track_id": 2, "bbox": [47, 64, 211, 154], "mask_file": "frame_0043_track_2.npy", "score": 1.00385582447052}, {"track_id": 3, "bbox": [0, 69, 214, 239], "mask_file": "frame_0043_track_3.npy", "score": 0.9750944375991821}], "44": [{"track_id": 1, "bbox": [154, 13, 426, 239], "mask_file": "frame_0044_track_1.npy", "score": 0.9837496280670166}, {"track_id": 2, "bbox": [51, 64, 219, 151], "mask_file": "frame_0044_track_2.npy", "score": 0.9485862255096436}, {"track_id": 3, "bbox": [0, 65, 225, 239], "mask_file": "frame_0044_track_3.npy", "score": 0.9519443511962891}], "45": [{"track_id": 1, "bbox": [212, 0, 426, 239], "mask_file": "frame_0045_track_1.npy", "score": 0.9904929399490356}, {"track_id": 2, "bbox": [55, 64, 221, 152], "mask_file": "frame_0045_track_2.npy", "score": 0.9631962776184082}, {"track_id": 3, "bbox": [0, 55, 234, 239], "mask_file": "frame_0045_track_3.npy", "score": 0.9319106340408325}], "46": [{"track_id": 1, "bbox": [272, 0, 426, 239], "mask_file": "frame_0046_track_1.npy", "score": 0.841920018196106}, {"track_id": 2, "bbox": [62, 65, 229, 154], "mask_file": "frame_0046_track_2.npy", "score": 0.9538782835006714}, {"track_id": 3, "bbox": [0, 55, 233, 239], "mask_file": "frame_0046_track_3.npy", "score": 0.9314032196998596}], "47": [{"track_id": 1, "bbox": [266, 0, 415, 239], "mask_file": "frame_0047_track_1.npy", "score": 0.8396981358528137}, {"track_id": 2, "bbox": [67, 65, 235, 155], "mask_file": "frame_0047_track_2.npy", "score": 0.9615656137466431}, {"track_id": 3, "bbox": [0, 55, 236, 239], "mask_file": "frame_0047_track_3.npy", "score": 0.9201086163520813}], "48": [{"track_id": 1, "bbox": [269, 0, 412, 239], "mask_file": "frame_0048_track_1.npy", "score": 0.9594420194625854}, {"track_id": 2, "bbox": [67, 67, 236, 159], "mask_file": "frame_0048_track_2.npy", "score": 0.9674665927886963}, {"track_id": 3, "bbox": [0, 55, 239, 239], "mask_file": "frame_0048_track_3.npy", "score": 0.9318493604660034}], "49": [{"track_id": 1, "bbox": [293, 0, 391, 239], "mask_file": "frame_0049_track_1.npy", "score": 0.9532199501991272}, {"track_id": 2, "bbox": [49, 74, 254, 166], "mask_file": "frame_0049_track_2.npy", "score": 0.958488941192627}, {"track_id": 3, "bbox": [0, 63, 235, 239], "mask_file": "frame_0049_track_3.npy", "score": 0.9143585562705994}], "50": [{"track_id": 1, "bbox": [290, 0, 385, 239], "mask_file": "frame_0050_track_1.npy", "score": 0.9940955638885498}, {"track_id": 2, "bbox": [43, 71, 246, 159], "mask_file": "frame_0050_track_2.npy", "score": 1.0108855962753296}, {"track_id": 3, "bbox": [0, 71, 246, 237], "mask_file": "frame_0050_track_3.npy", "score": 0.9322112798690796}], "51": [{"track_id": 1, "bbox": [295, 0, 386, 239], "mask_file": "frame_0051_track_1.npy", "score": 0.9920221567153931}, {"track_id": 2, "bbox": [47, 72, 249, 161], "mask_file": "frame_0051_track_2.npy", "score": 1.013709545135498}, {"track_id": 3, "bbox": [0, 72, 249, 239], "mask_file": "frame_0051_track_3.npy", "score": 0.9871325492858887}], "52": [{"track_id": 1, "bbox": [292, 0, 390, 239], "mask_file": "frame_0052_track_1.npy", "score": 0.9884281158447266}, {"track_id": 2, "bbox": [46, 67, 251, 157], "mask_file": "frame_0052_track_2.npy", "score": 1.0119843482971191}, {"track_id": 3, "bbox": [0, 67, 251, 237], "mask_file": "frame_0052_track_3.npy", "score": 0.9718910455703735}]}