{"0": [{"track_id": 1, "bbox": [79, 81, 169, 201], "mask_file": "frame_0000_track_1.npy", "score": 1.0128328800201416}, {"track_id": 2, "bbox": [121, 208, 170, 239], "mask_file": "frame_0000_track_2.npy", "score": 0.9847526550292969}], "1": [{"track_id": 1, "bbox": [77, 81, 168, 201], "mask_file": "frame_0001_track_1.npy", "score": 1.0080722570419312}, {"track_id": 2, "bbox": [121, 208, 170, 239], "mask_file": "frame_0001_track_2.npy", "score": 0.9850016832351685}], "2": [{"track_id": 1, "bbox": [76, 81, 167, 202], "mask_file": "frame_0002_track_1.npy", "score": 1.0083662271499634}, {"track_id": 2, "bbox": [121, 208, 171, 239], "mask_file": "frame_0002_track_2.npy", "score": 0.9808209538459778}], "3": [{"track_id": 1, "bbox": [75, 81, 166, 202], "mask_file": "frame_0003_track_1.npy", "score": 1.008368968963623}, {"track_id": 2, "bbox": [122, 208, 171, 239], "mask_file": "frame_0003_track_2.npy", "score": 0.985522985458374}], "4": [{"track_id": 1, "bbox": [75, 81, 166, 203], "mask_file": "frame_0004_track_1.npy", "score": 1.0084425210952759}, {"track_id": 2, "bbox": [121, 209, 173, 239], "mask_file": "frame_0004_track_2.npy", "score": 0.9830434322357178}], "5": [{"track_id": 1, "bbox": [76, 82, 166, 204], "mask_file": "frame_0005_track_1.npy", "score": 1.0082224607467651}, {"track_id": 2, "bbox": [122, 210, 172, 239], "mask_file": "frame_0005_track_2.npy", "score": 0.9823264479637146}], "6": [{"track_id": 1, "bbox": [76, 83, 166, 204], "mask_file": "frame_0006_track_1.npy", "score": 1.0077688694000244}, {"track_id": 2, "bbox": [121, 210, 171, 239], "mask_file": "frame_0006_track_2.npy", "score": 0.9848455190658569}], "7": [{"track_id": 1, "bbox": [76, 82, 166, 203], "mask_file": "frame_0007_track_1.npy", "score": 1.0085781812667847}, {"track_id": 2, "bbox": [119, 208, 174, 239], "mask_file": "frame_0007_track_2.npy", "score": 0.9889001846313477}], "8": [{"track_id": 1, "bbox": [75, 82, 166, 203], "mask_file": "frame_0008_track_1.npy", "score": 1.0079450607299805}, {"track_id": 2, "bbox": [114, 207, 174, 239], "mask_file": "frame_0008_track_2.npy", "score": 0.9865597486495972}], "9": [{"track_id": 1, "bbox": [75, 82, 165, 203], "mask_file": "frame_0009_track_1.npy", "score": 1.008333444595337}, {"track_id": 2, "bbox": [112, 206, 173, 239], "mask_file": "frame_0009_track_2.npy", "score": 0.9875800609588623}], "10": [{"track_id": 1, "bbox": [74, 82, 165, 202], "mask_file": "frame_0010_track_1.npy", "score": 1.0087616443634033}, {"track_id": 2, "bbox": [112, 203, 171, 239], "mask_file": "frame_0010_track_2.npy", "score": 0.9919027090072632}], "11": [{"track_id": 1, "bbox": [74, 83, 165, 202], "mask_file": "frame_0011_track_1.npy", "score": 1.0087358951568604}, {"track_id": 2, "bbox": [109, 201, 171, 239], "mask_file": "frame_0011_track_2.npy", "score": 0.9892914295196533}], "12": [{"track_id": 1, "bbox": [73, 83, 165, 200], "mask_file": "frame_0012_track_1.npy", "score": 1.008895993232727}, {"track_id": 2, "bbox": [106, 199, 176, 239], "mask_file": "frame_0012_track_2.npy", "score": 0.9861299991607666}], "13": [{"track_id": 1, "bbox": [73, 83, 164, 201], "mask_file": "frame_0013_track_1.npy", "score": 1.0087167024612427}, {"track_id": 2, "bbox": [104, 198, 178, 239], "mask_file": "frame_0013_track_2.npy", "score": 0.9870004653930664}], "14": [{"track_id": 1, "bbox": [73, 83, 164, 203], "mask_file": "frame_0014_track_1.npy", "score": 1.0088019371032715}, {"track_id": 2, "bbox": [103, 198, 177, 239], "mask_file": "frame_0014_track_2.npy", "score": 0.9865193367004395}], "15": [{"track_id": 1, "bbox": [72, 84, 163, 204], "mask_file": "frame_0015_track_1.npy", "score": 1.0084240436553955}, {"track_id": 2, "bbox": [100, 200, 176, 239], "mask_file": "frame_0015_track_2.npy", "score": 0.9861602783203125}], "16": [{"track_id": 1, "bbox": [72, 84, 163, 205], "mask_file": "frame_0016_track_1.npy", "score": 1.0077353715896606}, {"track_id": 2, "bbox": [95, 197, 175, 239], "mask_file": "frame_0016_track_2.npy", "score": 0.9754767417907715}], "17": [{"track_id": 1, "bbox": [71, 82, 163, 201], "mask_file": "frame_0017_track_1.npy", "score": 1.005107045173645}, {"track_id": 2, "bbox": [92, 187, 174, 239], "mask_file": "frame_0017_track_2.npy", "score": 0.970355749130249}], "18": [{"track_id": 1, "bbox": [67, 73, 159, 179], "mask_file": "frame_0018_track_1.npy", "score": 0.9668556451797485}, {"track_id": 2, "bbox": [91, 174, 174, 239], "mask_file": "frame_0018_track_2.npy", "score": 0.9844521284103394}], "19": [{"track_id": 1, "bbox": [68, 68, 144, 147], "mask_file": "frame_0019_track_1.npy", "score": 0.942428708076477}, {"track_id": 2, "bbox": [142, 167, 170, 239], "mask_file": "frame_0019_track_2.npy", "score": 0.8969656229019165}], "20": [{"track_id": 1, "bbox": [68, 56, 139, 131], "mask_file": "frame_0020_track_1.npy", "score": 0.9324548244476318}, {"track_id": 2, "bbox": [151, 185, 172, 239], "mask_file": "frame_0020_track_2.npy", "score": 0.9734533429145813}], "21": [{"track_id": 1, "bbox": [71, 46, 136, 124], "mask_file": "frame_0021_track_1.npy", "score": 0.9881378412246704}, {"track_id": 2, "bbox": [152, 186, 172, 239], "mask_file": "frame_0021_track_2.npy", "score": 0.9838300943374634}], "22": [{"track_id": 1, "bbox": [70, 44, 135, 125], "mask_file": "frame_0022_track_1.npy", "score": 0.98664391040802}, {"track_id": 2, "bbox": [152, 188, 173, 239], "mask_file": "frame_0022_track_2.npy", "score": 0.9717341661453247}], "23": [{"track_id": 1, "bbox": [61, 43, 137, 126], "mask_file": "frame_0023_track_1.npy", "score": 0.9808933734893799}, {"track_id": 2, "bbox": [153, 190, 174, 239], "mask_file": "frame_0023_track_2.npy", "score": 0.9769591093063354}], "24": [{"track_id": 1, "bbox": [62, 44, 140, 129], "mask_file": "frame_0024_track_1.npy", "score": 1.004685878753662}, {"track_id": 2, "bbox": [155, 192, 176, 239], "mask_file": "frame_0024_track_2.npy", "score": 0.9805573225021362}], "25": [{"track_id": 1, "bbox": [67, 49, 143, 134], "mask_file": "frame_0025_track_1.npy", "score": 1.0052173137664795}, {"track_id": 2, "bbox": [159, 196, 179, 239], "mask_file": "frame_0025_track_2.npy", "score": 0.9772651195526123}], "26": [{"track_id": 1, "bbox": [69, 53, 145, 137], "mask_file": "frame_0026_track_1.npy", "score": 1.0034555196762085}, {"track_id": 2, "bbox": [160, 201, 180, 239], "mask_file": "frame_0026_track_2.npy", "score": 0.9930347204208374}], "27": [{"track_id": 1, "bbox": [71, 55, 147, 138], "mask_file": "frame_0027_track_1.npy", "score": 1.0055056810379028}, {"track_id": 2, "bbox": [162, 202, 182, 239], "mask_file": "frame_0027_track_2.npy", "score": 0.9867203235626221}], "28": [{"track_id": 1, "bbox": [74, 55, 149, 138], "mask_file": "frame_0028_track_1.npy", "score": 1.0037740468978882}, {"track_id": 2, "bbox": [164, 202, 184, 239], "mask_file": "frame_0028_track_2.npy", "score": 0.9874943494796753}], "29": [{"track_id": 1, "bbox": [76, 55, 151, 138], "mask_file": "frame_0029_track_1.npy", "score": 1.0043226480484009}, {"track_id": 2, "bbox": [165, 202, 185, 239], "mask_file": "frame_0029_track_2.npy", "score": 0.9896847009658813}], "30": [{"track_id": 1, "bbox": [75, 55, 150, 138], "mask_file": "frame_0030_track_1.npy", "score": 1.0038524866104126}, {"track_id": 2, "bbox": [164, 202, 184, 239], "mask_file": "frame_0030_track_2.npy", "score": 0.9891717433929443}], "31": [{"track_id": 1, "bbox": [74, 54, 149, 138], "mask_file": "frame_0031_track_1.npy", "score": 1.002228856086731}, {"track_id": 2, "bbox": [164, 201, 184, 239], "mask_file": "frame_0031_track_2.npy", "score": 0.9890021085739136}], "32": [{"track_id": 1, "bbox": [76, 54, 151, 137], "mask_file": "frame_0032_track_1.npy", "score": 1.0026684999465942}, {"track_id": 2, "bbox": [165, 200, 185, 239], "mask_file": "frame_0032_track_2.npy", "score": 0.9902989864349365}], "33": [{"track_id": 1, "bbox": [74, 53, 149, 137], "mask_file": "frame_0033_track_1.npy", "score": 1.0033504962921143}, {"track_id": 2, "bbox": [164, 200, 184, 239], "mask_file": "frame_0033_track_2.npy", "score": 0.9894263744354248}]}