{"22": [{"track_id": 1, "bbox": [0, 0, 313, 239], "mask_file": "frame_0022_track_1.npy", "score": 0.9887697696685791}, {"track_id": 2, "bbox": [0, 79, 123, 239], "mask_file": "frame_0022_track_2.npy", "score": 0.9868294596672058}], "23": [{"track_id": 1, "bbox": [0, 2, 318, 239], "mask_file": "frame_0023_track_1.npy", "score": 0.9989594221115112}, {"track_id": 2, "bbox": [0, 97, 129, 239], "mask_file": "frame_0023_track_2.npy", "score": 0.9901300072669983}], "24": [{"track_id": 1, "bbox": [0, 15, 324, 237], "mask_file": "frame_0024_track_1.npy", "score": 0.9546749591827393}, {"track_id": 2, "bbox": [18, 115, 143, 239], "mask_file": "frame_0024_track_2.npy", "score": 0.9769777059555054}], "25": [{"track_id": 1, "bbox": [25, 6, 326, 232], "mask_file": "frame_0025_track_1.npy", "score": 0.9814155101776123}, {"track_id": 2, "bbox": [19, 112, 145, 239], "mask_file": "frame_0025_track_2.npy", "score": 1.000449776649475}], "26": [{"track_id": 1, "bbox": [55, 6, 331, 215], "mask_file": "frame_0026_track_1.npy", "score": 0.9935706853866577}, {"track_id": 2, "bbox": [22, 114, 145, 239], "mask_file": "frame_0026_track_2.npy", "score": 0.9992083311080933}], "27": [{"track_id": 1, "bbox": [57, 21, 334, 221], "mask_file": "frame_0027_track_1.npy", "score": 0.9996564388275146}, {"track_id": 2, "bbox": [25, 117, 147, 239], "mask_file": "frame_0027_track_2.npy", "score": 1.0007456541061401}], "28": [{"track_id": 1, "bbox": [59, 29, 337, 223], "mask_file": "frame_0028_track_1.npy", "score": 0.996891975402832}, {"track_id": 2, "bbox": [26, 116, 150, 239], "mask_file": "frame_0028_track_2.npy", "score": 0.9994905591011047}], "29": [{"track_id": 1, "bbox": [68, 30, 346, 224], "mask_file": "frame_0029_track_1.npy", "score": 1.0010724067687988}, {"track_id": 2, "bbox": [24, 113, 157, 239], "mask_file": "frame_0029_track_2.npy", "score": 0.9979234933853149}], "30": [{"track_id": 1, "bbox": [68, 32, 346, 225], "mask_file": "frame_0030_track_1.npy", "score": 0.9930934906005859}, {"track_id": 2, "bbox": [18, 113, 159, 239], "mask_file": "frame_0030_track_2.npy", "score": 0.9985206723213196}], "31": [{"track_id": 1, "bbox": [68, 33, 345, 222], "mask_file": "frame_0031_track_1.npy", "score": 0.9933916330337524}, {"track_id": 2, "bbox": [19, 113, 158, 239], "mask_file": "frame_0031_track_2.npy", "score": 0.9964675307273865}], "32": [{"track_id": 1, "bbox": [68, 37, 340, 214], "mask_file": "frame_0032_track_1.npy", "score": 0.9981628656387329}, {"track_id": 2, "bbox": [8, 111, 152, 239], "mask_file": "frame_0032_track_2.npy", "score": 0.9976366758346558}], "33": [{"track_id": 1, "bbox": [67, 38, 339, 206], "mask_file": "frame_0033_track_1.npy", "score": 0.9947222471237183}, {"track_id": 2, "bbox": [5, 108, 150, 239], "mask_file": "frame_0033_track_2.npy", "score": 0.9988170266151428}], "34": [{"track_id": 1, "bbox": [65, 42, 337, 190], "mask_file": "frame_0034_track_1.npy", "score": 0.9908629655838013}, {"track_id": 2, "bbox": [4, 110, 150, 239], "mask_file": "frame_0034_track_2.npy", "score": 0.99253249168396}], "35": [{"track_id": 1, "bbox": [66, 44, 337, 185], "mask_file": "frame_0035_track_1.npy", "score": 0.9931168556213379}, {"track_id": 2, "bbox": [15, 116, 145, 239], "mask_file": "frame_0035_track_2.npy", "score": 0.9926227331161499}], "36": [{"track_id": 1, "bbox": [64, 43, 333, 184], "mask_file": "frame_0036_track_1.npy", "score": 0.9846940040588379}, {"track_id": 2, "bbox": [18, 123, 135, 239], "mask_file": "frame_0036_track_2.npy", "score": 0.9881681203842163}], "37": [{"track_id": 1, "bbox": [63, 41, 333, 185], "mask_file": "frame_0037_track_1.npy", "score": 0.9939858913421631}, {"track_id": 2, "bbox": [16, 174, 118, 239], "mask_file": "frame_0037_track_2.npy", "score": 0.9005444049835205}], "38": [{"track_id": 1, "bbox": [66, 41, 335, 184], "mask_file": "frame_0038_track_1.npy", "score": 0.9953410625457764}, {"track_id": 2, "bbox": [4, 194, 118, 239], "mask_file": "frame_0038_track_2.npy", "score": 0.8474811315536499}], "39": [{"track_id": 1, "bbox": [69, 42, 335, 180], "mask_file": "frame_0039_track_1.npy", "score": 0.9935710430145264}, {"track_id": 2, "bbox": [0, 192, 126, 239], "mask_file": "frame_0039_track_2.npy", "score": 0.9604809284210205}], "40": [{"track_id": 1, "bbox": [69, 42, 335, 179], "mask_file": "frame_0040_track_1.npy", "score": 0.9919565916061401}, {"track_id": 2, "bbox": [0, 192, 126, 239], "mask_file": "frame_0040_track_2.npy", "score": 0.9405950307846069}], "41": [{"track_id": 1, "bbox": [71, 40, 336, 179], "mask_file": "frame_0041_track_1.npy", "score": 0.9923187494277954}, {"track_id": 2, "bbox": [0, 191, 128, 239], "mask_file": "frame_0041_track_2.npy", "score": 0.9220398664474487}], "42": [{"track_id": 1, "bbox": [77, 41, 338, 178], "mask_file": "frame_0042_track_1.npy", "score": 0.993556022644043}, {"track_id": 2, "bbox": [0, 189, 130, 239], "mask_file": "frame_0042_track_2.npy", "score": 0.9318555593490601}], "43": [{"track_id": 1, "bbox": [77, 42, 339, 179], "mask_file": "frame_0043_track_1.npy", "score": 0.9946681261062622}, {"track_id": 2, "bbox": [0, 191, 130, 239], "mask_file": "frame_0043_track_2.npy", "score": 0.9171162843704224}], "44": [{"track_id": 1, "bbox": [81, 44, 341, 180], "mask_file": "frame_0044_track_1.npy", "score": 0.9911173582077026}, {"track_id": 2, "bbox": [0, 191, 132, 239], "mask_file": "frame_0044_track_2.npy", "score": 0.9373595714569092}], "45": [{"track_id": 1, "bbox": [87, 46, 346, 181], "mask_file": "frame_0045_track_1.npy", "score": 0.9914108514785767}, {"track_id": 2, "bbox": [0, 192, 136, 239], "mask_file": "frame_0045_track_2.npy", "score": 0.9251158237457275}]}