{"0": [{"track_id": 1, "bbox": [107, 40, 304, 154], "mask_file": "frame_0000_track_1.npy", "score": 0.8807984590530396}, {"track_id": 2, "bbox": [158, 145, 235, 239], "mask_file": "frame_0000_track_2.npy", "score": 0.9832303524017334}], "1": [{"track_id": 1, "bbox": [107, 40, 304, 154], "mask_file": "frame_0001_track_1.npy", "score": 1.0051347017288208}, {"track_id": 2, "bbox": [158, 145, 235, 239], "mask_file": "frame_0001_track_2.npy", "score": 0.996590256690979}], "2": [{"track_id": 1, "bbox": [107, 40, 304, 154], "mask_file": "frame_0002_track_1.npy", "score": 1.0042057037353516}, {"track_id": 2, "bbox": [158, 144, 235, 239], "mask_file": "frame_0002_track_2.npy", "score": 0.996356725692749}], "3": [{"track_id": 1, "bbox": [107, 40, 305, 153], "mask_file": "frame_0003_track_1.npy", "score": 1.005150556564331}, {"track_id": 2, "bbox": [158, 144, 235, 239], "mask_file": "frame_0003_track_2.npy", "score": 0.996933102607727}], "4": [{"track_id": 1, "bbox": [107, 38, 305, 151], "mask_file": "frame_0004_track_1.npy", "score": 1.0039317607879639}, {"track_id": 2, "bbox": [158, 142, 236, 239], "mask_file": "frame_0004_track_2.npy", "score": 0.9977353811264038}], "5": [{"track_id": 1, "bbox": [108, 36, 305, 150], "mask_file": "frame_0005_track_1.npy", "score": 1.006003499031067}, {"track_id": 2, "bbox": [158, 141, 236, 239], "mask_file": "frame_0005_track_2.npy", "score": 0.9981532096862793}], "6": [{"track_id": 1, "bbox": [108, 34, 306, 148], "mask_file": "frame_0006_track_1.npy", "score": 1.0035992860794067}, {"track_id": 2, "bbox": [158, 139, 236, 239], "mask_file": "frame_0006_track_2.npy", "score": 0.9987050890922546}], "7": [{"track_id": 1, "bbox": [108, 32, 306, 146], "mask_file": "frame_0007_track_1.npy", "score": 1.00409996509552}, {"track_id": 2, "bbox": [157, 137, 237, 239], "mask_file": "frame_0007_track_2.npy", "score": 0.9984197616577148}], "8": [{"track_id": 1, "bbox": [109, 32, 308, 145], "mask_file": "frame_0008_track_1.npy", "score": 1.0050925016403198}, {"track_id": 2, "bbox": [157, 136, 237, 239], "mask_file": "frame_0008_track_2.npy", "score": 0.998178243637085}], "9": [{"track_id": 1, "bbox": [109, 31, 308, 144], "mask_file": "frame_0009_track_1.npy", "score": 1.0051391124725342}, {"track_id": 2, "bbox": [158, 136, 238, 239], "mask_file": "frame_0009_track_2.npy", "score": 0.9982192516326904}], "10": [{"track_id": 1, "bbox": [109, 32, 308, 145], "mask_file": "frame_0010_track_1.npy", "score": 1.0046919584274292}, {"track_id": 2, "bbox": [158, 136, 238, 239], "mask_file": "frame_0010_track_2.npy", "score": 0.9986392855644226}], "11": [{"track_id": 1, "bbox": [109, 32, 307, 147], "mask_file": "frame_0011_track_1.npy", "score": 1.0049967765808105}, {"track_id": 2, "bbox": [159, 137, 238, 239], "mask_file": "frame_0011_track_2.npy", "score": 0.9984440803527832}], "12": [{"track_id": 1, "bbox": [109, 33, 307, 147], "mask_file": "frame_0012_track_1.npy", "score": 1.0058872699737549}, {"track_id": 2, "bbox": [158, 138, 238, 239], "mask_file": "frame_0012_track_2.npy", "score": 0.9980709552764893}], "13": [{"track_id": 1, "bbox": [109, 34, 306, 148], "mask_file": "frame_0013_track_1.npy", "score": 1.0050498247146606}, {"track_id": 2, "bbox": [159, 139, 237, 239], "mask_file": "frame_0013_track_2.npy", "score": 0.9976893663406372}], "14": [{"track_id": 1, "bbox": [109, 33, 306, 148], "mask_file": "frame_0014_track_1.npy", "score": 1.0037996768951416}, {"track_id": 2, "bbox": [158, 139, 237, 239], "mask_file": "frame_0014_track_2.npy", "score": 0.9979477524757385}], "15": [{"track_id": 1, "bbox": [109, 33, 306, 146], "mask_file": "frame_0015_track_1.npy", "score": 1.0042904615402222}, {"track_id": 2, "bbox": [158, 137, 237, 239], "mask_file": "frame_0015_track_2.npy", "score": 0.9978725910186768}], "16": [{"track_id": 1, "bbox": [109, 31, 307, 144], "mask_file": "frame_0016_track_1.npy", "score": 1.0046147108078003}, {"track_id": 2, "bbox": [157, 135, 238, 239], "mask_file": "frame_0016_track_2.npy", "score": 0.9976178407669067}], "17": [{"track_id": 1, "bbox": [112, 35, 303, 143], "mask_file": "frame_0017_track_1.npy", "score": 1.0073505640029907}, {"track_id": 2, "bbox": [155, 129, 239, 239], "mask_file": "frame_0017_track_2.npy", "score": 0.9962483644485474}], "18": [{"track_id": 1, "bbox": [121, 42, 299, 144], "mask_file": "frame_0018_track_1.npy", "score": 1.0055066347122192}, {"track_id": 2, "bbox": [151, 132, 235, 239], "mask_file": "frame_0018_track_2.npy", "score": 0.9923975467681885}], "19": [{"track_id": 1, "bbox": [130, 49, 297, 146], "mask_file": "frame_0019_track_1.npy", "score": 1.0055210590362549}, {"track_id": 2, "bbox": [150, 145, 221, 239], "mask_file": "frame_0019_track_2.npy", "score": 0.9926961660385132}], "20": [{"track_id": 1, "bbox": [140, 49, 300, 151], "mask_file": "frame_0020_track_1.npy", "score": 1.008793592453003}, {"track_id": 2, "bbox": [146, 165, 210, 239], "mask_file": "frame_0020_track_2.npy", "score": 0.990696907043457}], "21": [{"track_id": 1, "bbox": [153, 52, 302, 159], "mask_file": "frame_0021_track_1.npy", "score": 1.0037481784820557}, {"track_id": 2, "bbox": [139, 193, 184, 239], "mask_file": "frame_0021_track_2.npy", "score": 0.9737897515296936}], "22": [{"track_id": 1, "bbox": [163, 64, 302, 174], "mask_file": "frame_0022_track_1.npy", "score": 1.0045552253723145}, {"track_id": 2, "bbox": [141, 224, 159, 239], "mask_file": "frame_0022_track_2.npy", "score": 0.9334859848022461}], "23": [{"track_id": 1, "bbox": [170, 83, 295, 192], "mask_file": "frame_0023_track_1.npy", "score": 0.9990973472595215}, {"track_id": 2, "bbox": [137, 224, 160, 239], "mask_file": "frame_0023_track_2.npy", "score": 0.9516555070877075}], "24": [{"track_id": 1, "bbox": [171, 109, 283, 202], "mask_file": "frame_0024_track_1.npy", "score": 0.9799855947494507}, {"track_id": 2, "bbox": [137, 223, 164, 239], "mask_file": "frame_0024_track_2.npy", "score": 0.9590519666671753}], "25": [{"track_id": 1, "bbox": [162, 139, 244, 217], "mask_file": "frame_0025_track_1.npy", "score": 0.8928578495979309}, {"track_id": 2, "bbox": [136, 220, 174, 239], "mask_file": "frame_0025_track_2.npy", "score": 0.9424616098403931}], "26": [{"track_id": 1, "bbox": [145, 168, 221, 229], "mask_file": "frame_0026_track_1.npy", "score": 0.8929431438446045}, {"track_id": 2, "bbox": [152, 220, 178, 239], "mask_file": "frame_0026_track_2.npy", "score": 0.8404284715652466}], "27": [{"track_id": 1, "bbox": [131, 170, 203, 239], "mask_file": "frame_0027_track_1.npy", "score": 0.9680079221725464}, {"track_id": 2, "bbox": [150, 220, 171, 239], "mask_file": "frame_0027_track_2.npy", "score": 0.8763234615325928}], "28": [{"track_id": 1, "bbox": [124, 159, 188, 231], "mask_file": "frame_0028_track_1.npy", "score": 0.9715417623519897}, {"track_id": 2, "bbox": [145, 218, 173, 239], "mask_file": "frame_0028_track_2.npy", "score": 0.9431911706924438}], "29": [{"track_id": 1, "bbox": [113, 145, 187, 217], "mask_file": "frame_0029_track_1.npy", "score": 0.9855324029922485}, {"track_id": 2, "bbox": [142, 221, 180, 239], "mask_file": "frame_0029_track_2.npy", "score": 0.8718374967575073}], "30": [{"track_id": 1, "bbox": [105, 137, 185, 203], "mask_file": "frame_0030_track_1.npy", "score": 1.0006080865859985}, {"track_id": 2, "bbox": [137, 220, 183, 239], "mask_file": "frame_0030_track_2.npy", "score": 0.9341347217559814}], "31": [{"track_id": 1, "bbox": [101, 132, 181, 196], "mask_file": "frame_0031_track_1.npy", "score": 0.9974724054336548}, {"track_id": 2, "bbox": [125, 219, 187, 239], "mask_file": "frame_0031_track_2.npy", "score": 0.9277760982513428}], "32": [{"track_id": 1, "bbox": [93, 130, 182, 193], "mask_file": "frame_0032_track_1.npy", "score": 0.9914505481719971}, {"track_id": 2, "bbox": [112, 218, 191, 239], "mask_file": "frame_0032_track_2.npy", "score": 0.9410179853439331}], "33": [{"track_id": 1, "bbox": [94, 116, 183, 193], "mask_file": "frame_0033_track_1.npy", "score": 0.9863431453704834}, {"track_id": 2, "bbox": [104, 217, 192, 239], "mask_file": "frame_0033_track_2.npy", "score": 0.9467654228210449}], "34": [{"track_id": 1, "bbox": [95, 116, 184, 193], "mask_file": "frame_0034_track_1.npy", "score": 0.9993199110031128}, {"track_id": 2, "bbox": [97, 217, 191, 239], "mask_file": "frame_0034_track_2.npy", "score": 0.946352481842041}], "35": [{"track_id": 1, "bbox": [95, 116, 185, 193], "mask_file": "frame_0035_track_1.npy", "score": 1.0010446310043335}, {"track_id": 2, "bbox": [91, 218, 192, 239], "mask_file": "frame_0035_track_2.npy", "score": 0.9395017623901367}], "36": [{"track_id": 1, "bbox": [96, 116, 185, 193], "mask_file": "frame_0036_track_1.npy", "score": 1.0023566484451294}, {"track_id": 2, "bbox": [83, 218, 194, 239], "mask_file": "frame_0036_track_2.npy", "score": 0.9402248859405518}], "37": [{"track_id": 1, "bbox": [97, 117, 186, 194], "mask_file": "frame_0037_track_1.npy", "score": 1.001120924949646}, {"track_id": 2, "bbox": [72, 217, 194, 239], "mask_file": "frame_0037_track_2.npy", "score": 0.9420796632766724}], "38": [{"track_id": 1, "bbox": [97, 117, 186, 194], "mask_file": "frame_0038_track_1.npy", "score": 1.0012942552566528}, {"track_id": 2, "bbox": [59, 217, 193, 239], "mask_file": "frame_0038_track_2.npy", "score": 0.9418495893478394}], "39": [{"track_id": 1, "bbox": [98, 117, 187, 194], "mask_file": "frame_0039_track_1.npy", "score": 1.0016757249832153}, {"track_id": 2, "bbox": [49, 218, 195, 239], "mask_file": "frame_0039_track_2.npy", "score": 0.9445070028305054}], "40": [{"track_id": 1, "bbox": [97, 117, 187, 195], "mask_file": "frame_0040_track_1.npy", "score": 1.0009859800338745}, {"track_id": 2, "bbox": [38, 218, 195, 239], "mask_file": "frame_0040_track_2.npy", "score": 0.9346877336502075}], "41": [{"track_id": 1, "bbox": [97, 117, 187, 196], "mask_file": "frame_0041_track_1.npy", "score": 1.000282883644104}, {"track_id": 2, "bbox": [31, 219, 194, 239], "mask_file": "frame_0041_track_2.npy", "score": 0.9526448249816895}], "42": [{"track_id": 1, "bbox": [97, 118, 187, 196], "mask_file": "frame_0042_track_1.npy", "score": 0.9995518922805786}, {"track_id": 2, "bbox": [12, 219, 195, 239], "mask_file": "frame_0042_track_2.npy", "score": 0.9401365518569946}], "43": [{"track_id": 1, "bbox": [97, 118, 187, 197], "mask_file": "frame_0043_track_1.npy", "score": 1.0002771615982056}, {"track_id": 2, "bbox": [0, 218, 195, 239], "mask_file": "frame_0043_track_2.npy", "score": 0.9585771560668945}], "44": [{"track_id": 1, "bbox": [97, 119, 186, 197], "mask_file": "frame_0044_track_1.npy", "score": 0.9997873306274414}, {"track_id": 2, "bbox": [0, 212, 194, 239], "mask_file": "frame_0044_track_2.npy", "score": 0.9647449254989624}], "45": [{"track_id": 1, "bbox": [97, 119, 186, 198], "mask_file": "frame_0045_track_1.npy", "score": 0.9987121820449829}, {"track_id": 2, "bbox": [0, 215, 194, 239], "mask_file": "frame_0045_track_2.npy", "score": 0.9504575729370117}], "46": [{"track_id": 1, "bbox": [96, 119, 186, 198], "mask_file": "frame_0046_track_1.npy", "score": 0.9982357025146484}, {"track_id": 2, "bbox": [0, 221, 194, 239], "mask_file": "frame_0046_track_2.npy", "score": 0.9682203531265259}]}