{"10": [{"track_id": 1, "bbox": [81, 0, 197, 112], "mask_file": "frame_0010_track_1.npy", "score": 0.9637333154678345}, {"track_id": 2, "bbox": [13, 12, 205, 239], "mask_file": "frame_0010_track_2.npy", "score": 0.9814344048500061}], "11": [{"track_id": 1, "bbox": [101, 5, 200, 124], "mask_file": "frame_0011_track_1.npy", "score": 0.9844983816146851}, {"track_id": 2, "bbox": [27, 24, 207, 239], "mask_file": "frame_0011_track_2.npy", "score": 0.9933986067771912}], "12": [{"track_id": 1, "bbox": [111, 25, 198, 130], "mask_file": "frame_0012_track_1.npy", "score": 0.9955615997314453}, {"track_id": 2, "bbox": [31, 36, 204, 239], "mask_file": "frame_0012_track_2.npy", "score": 1.0042505264282227}], "13": [{"track_id": 1, "bbox": [110, 26, 196, 135], "mask_file": "frame_0013_track_1.npy", "score": 1.001430869102478}, {"track_id": 2, "bbox": [32, 37, 203, 239], "mask_file": "frame_0013_track_2.npy", "score": 0.9997334480285645}], "14": [{"track_id": 1, "bbox": [108, 27, 197, 137], "mask_file": "frame_0014_track_1.npy", "score": 1.001672387123108}, {"track_id": 2, "bbox": [33, 37, 203, 239], "mask_file": "frame_0014_track_2.npy", "score": 1.000649333000183}], "15": [{"track_id": 1, "bbox": [107, 26, 197, 137], "mask_file": "frame_0015_track_1.npy", "score": 1.0018951892852783}, {"track_id": 2, "bbox": [31, 36, 203, 239], "mask_file": "frame_0015_track_2.npy", "score": 1.0014976263046265}], "16": [{"track_id": 1, "bbox": [107, 24, 199, 136], "mask_file": "frame_0016_track_1.npy", "score": 1.0017859935760498}, {"track_id": 2, "bbox": [31, 34, 205, 239], "mask_file": "frame_0016_track_2.npy", "score": 1.0029634237289429}], "17": [{"track_id": 1, "bbox": [106, 25, 198, 137], "mask_file": "frame_0017_track_1.npy", "score": 1.0020391941070557}, {"track_id": 2, "bbox": [29, 34, 204, 239], "mask_file": "frame_0017_track_2.npy", "score": 1.0036202669143677}], "18": [{"track_id": 1, "bbox": [107, 27, 201, 138], "mask_file": "frame_0018_track_1.npy", "score": 1.0014728307724}, {"track_id": 2, "bbox": [28, 35, 206, 239], "mask_file": "frame_0018_track_2.npy", "score": 1.004482388496399}], "19": [{"track_id": 1, "bbox": [105, 30, 202, 138], "mask_file": "frame_0019_track_1.npy", "score": 0.9959403276443481}, {"track_id": 2, "bbox": [27, 36, 206, 239], "mask_file": "frame_0019_track_2.npy", "score": 1.0026001930236816}], "20": [{"track_id": 1, "bbox": [106, 32, 201, 139], "mask_file": "frame_0020_track_1.npy", "score": 0.9945055246353149}, {"track_id": 2, "bbox": [28, 37, 205, 239], "mask_file": "frame_0020_track_2.npy", "score": 1.0041030645370483}], "21": [{"track_id": 1, "bbox": [105, 32, 201, 138], "mask_file": "frame_0021_track_1.npy", "score": 0.9994580745697021}, {"track_id": 2, "bbox": [28, 38, 204, 239], "mask_file": "frame_0021_track_2.npy", "score": 1.002922534942627}], "22": [{"track_id": 1, "bbox": [106, 32, 201, 136], "mask_file": "frame_0022_track_1.npy", "score": 0.9979302883148193}, {"track_id": 2, "bbox": [29, 39, 205, 239], "mask_file": "frame_0022_track_2.npy", "score": 1.0021470785140991}], "23": [{"track_id": 1, "bbox": [105, 33, 206, 142], "mask_file": "frame_0023_track_1.npy", "score": 0.9870173931121826}, {"track_id": 2, "bbox": [29, 42, 211, 239], "mask_file": "frame_0023_track_2.npy", "score": 1.0031341314315796}], "24": [{"track_id": 1, "bbox": [110, 37, 211, 147], "mask_file": "frame_0024_track_1.npy", "score": 0.9924017190933228}, {"track_id": 2, "bbox": [35, 46, 216, 239], "mask_file": "frame_0024_track_2.npy", "score": 1.0052988529205322}], "25": [{"track_id": 1, "bbox": [112, 41, 213, 149], "mask_file": "frame_0025_track_1.npy", "score": 0.9931410551071167}, {"track_id": 2, "bbox": [38, 50, 216, 239], "mask_file": "frame_0025_track_2.npy", "score": 1.0013353824615479}], "26": [{"track_id": 1, "bbox": [108, 40, 209, 147], "mask_file": "frame_0026_track_1.npy", "score": 0.9894675016403198}, {"track_id": 2, "bbox": [32, 50, 213, 239], "mask_file": "frame_0026_track_2.npy", "score": 1.0019413232803345}], "27": [{"track_id": 1, "bbox": [105, 42, 211, 151], "mask_file": "frame_0027_track_1.npy", "score": 0.9945123195648193}, {"track_id": 2, "bbox": [29, 51, 214, 239], "mask_file": "frame_0027_track_2.npy", "score": 1.0024701356887817}], "28": [{"track_id": 1, "bbox": [106, 43, 214, 153], "mask_file": "frame_0028_track_1.npy", "score": 0.9848325252532959}, {"track_id": 2, "bbox": [31, 51, 216, 239], "mask_file": "frame_0028_track_2.npy", "score": 1.0025662183761597}], "29": [{"track_id": 1, "bbox": [106, 45, 213, 154], "mask_file": "frame_0029_track_1.npy", "score": 0.9751358032226562}, {"track_id": 2, "bbox": [32, 53, 215, 239], "mask_file": "frame_0029_track_2.npy", "score": 1.0019210577011108}], "30": [{"track_id": 1, "bbox": [105, 46, 213, 154], "mask_file": "frame_0030_track_1.npy", "score": 0.962335467338562}, {"track_id": 2, "bbox": [31, 53, 214, 239], "mask_file": "frame_0030_track_2.npy", "score": 1.002344012260437}], "31": [{"track_id": 1, "bbox": [103, 46, 211, 155], "mask_file": "frame_0031_track_1.npy", "score": 0.9632060527801514}, {"track_id": 2, "bbox": [30, 53, 212, 239], "mask_file": "frame_0031_track_2.npy", "score": 1.001929521560669}], "32": [{"track_id": 1, "bbox": [103, 45, 210, 154], "mask_file": "frame_0032_track_1.npy", "score": 0.9630155563354492}, {"track_id": 2, "bbox": [29, 52, 211, 239], "mask_file": "frame_0032_track_2.npy", "score": 1.0027601718902588}], "33": [{"track_id": 1, "bbox": [116, 46, 210, 154], "mask_file": "frame_0033_track_1.npy", "score": 0.9687443971633911}, {"track_id": 2, "bbox": [29, 51, 213, 239], "mask_file": "frame_0033_track_2.npy", "score": 1.0028595924377441}], "34": [{"track_id": 1, "bbox": [116, 46, 210, 155], "mask_file": "frame_0034_track_1.npy", "score": 0.989092230796814}, {"track_id": 2, "bbox": [28, 49, 213, 239], "mask_file": "frame_0034_track_2.npy", "score": 1.0026911497116089}], "35": [{"track_id": 1, "bbox": [115, 50, 209, 157], "mask_file": "frame_0035_track_1.npy", "score": 0.9965027570724487}, {"track_id": 2, "bbox": [28, 48, 214, 239], "mask_file": "frame_0035_track_2.npy", "score": 1.0033069849014282}], "36": [{"track_id": 1, "bbox": [115, 53, 207, 160], "mask_file": "frame_0036_track_1.npy", "score": 0.991612434387207}, {"track_id": 2, "bbox": [26, 46, 216, 239], "mask_file": "frame_0036_track_2.npy", "score": 1.0021235942840576}], "37": [{"track_id": 1, "bbox": [115, 56, 207, 161], "mask_file": "frame_0037_track_1.npy", "score": 0.996304988861084}, {"track_id": 2, "bbox": [25, 44, 215, 239], "mask_file": "frame_0037_track_2.npy", "score": 1.0011072158813477}], "38": [{"track_id": 1, "bbox": [114, 57, 207, 162], "mask_file": "frame_0038_track_1.npy", "score": 0.9958475828170776}, {"track_id": 2, "bbox": [24, 42, 214, 239], "mask_file": "frame_0038_track_2.npy", "score": 1.0035912990570068}], "39": [{"track_id": 1, "bbox": [114, 57, 207, 162], "mask_file": "frame_0039_track_1.npy", "score": 0.9975634813308716}, {"track_id": 2, "bbox": [23, 41, 214, 239], "mask_file": "frame_0039_track_2.npy", "score": 1.0031931400299072}], "40": [{"track_id": 1, "bbox": [114, 57, 207, 161], "mask_file": "frame_0040_track_1.npy", "score": 0.9940643310546875}, {"track_id": 2, "bbox": [24, 41, 214, 239], "mask_file": "frame_0040_track_2.npy", "score": 1.0019259452819824}], "41": [{"track_id": 1, "bbox": [114, 59, 208, 164], "mask_file": "frame_0041_track_1.npy", "score": 0.993871808052063}, {"track_id": 2, "bbox": [23, 42, 213, 239], "mask_file": "frame_0041_track_2.npy", "score": 1.0016682147979736}], "42": [{"track_id": 1, "bbox": [113, 60, 207, 164], "mask_file": "frame_0042_track_1.npy", "score": 0.9922363758087158}, {"track_id": 2, "bbox": [22, 42, 213, 239], "mask_file": "frame_0042_track_2.npy", "score": 1.0009095668792725}], "43": [{"track_id": 1, "bbox": [113, 60, 206, 165], "mask_file": "frame_0043_track_1.npy", "score": 0.9911611080169678}, {"track_id": 2, "bbox": [21, 40, 210, 239], "mask_file": "frame_0043_track_2.npy", "score": 1.0017884969711304}], "44": [{"track_id": 1, "bbox": [113, 60, 206, 164], "mask_file": "frame_0044_track_1.npy", "score": 0.9928313493728638}, {"track_id": 2, "bbox": [20, 40, 211, 239], "mask_file": "frame_0044_track_2.npy", "score": 1.0036541223526}], "45": [{"track_id": 1, "bbox": [114, 60, 206, 163], "mask_file": "frame_0045_track_1.npy", "score": 0.9916789531707764}, {"track_id": 2, "bbox": [19, 39, 211, 239], "mask_file": "frame_0045_track_2.npy", "score": 1.0021806955337524}], "46": [{"track_id": 1, "bbox": [113, 60, 206, 166], "mask_file": "frame_0046_track_1.npy", "score": 0.9909998178482056}, {"track_id": 2, "bbox": [18, 38, 208, 239], "mask_file": "frame_0046_track_2.npy", "score": 0.9994567036628723}], "47": [{"track_id": 1, "bbox": [124, 60, 207, 167], "mask_file": "frame_0047_track_1.npy", "score": 0.9824576377868652}, {"track_id": 2, "bbox": [10, 34, 151, 239], "mask_file": "frame_0047_track_2.npy", "score": 0.9898874163627625}], "48": [{"track_id": 1, "bbox": [114, 59, 207, 166], "mask_file": "frame_0048_track_1.npy", "score": 0.9918884038925171}, {"track_id": 2, "bbox": [0, 12, 139, 239], "mask_file": "frame_0048_track_2.npy", "score": 0.8535417318344116}], "49": [{"track_id": 1, "bbox": [111, 58, 207, 166], "mask_file": "frame_0049_track_1.npy", "score": 1.0077266693115234}, {"track_id": 2, "bbox": [0, 0, 142, 239], "mask_file": "frame_0049_track_2.npy", "score": 0.9477564096450806}], "50": [{"track_id": 1, "bbox": [111, 56, 208, 166], "mask_file": "frame_0050_track_1.npy", "score": 1.0071920156478882}, {"track_id": 2, "bbox": [0, 0, 171, 239], "mask_file": "frame_0050_track_2.npy", "score": 0.9708799123764038}], "51": [{"track_id": 1, "bbox": [113, 56, 210, 166], "mask_file": "frame_0051_track_1.npy", "score": 1.007145881652832}, {"track_id": 2, "bbox": [0, 0, 185, 239], "mask_file": "frame_0051_track_2.npy", "score": 0.9888206720352173}], "52": [{"track_id": 1, "bbox": [116, 59, 211, 165], "mask_file": "frame_0052_track_1.npy", "score": 1.0056554079055786}, {"track_id": 2, "bbox": [0, 0, 195, 239], "mask_file": "frame_0052_track_2.npy", "score": 0.9925036430358887}], "53": [{"track_id": 1, "bbox": [119, 58, 214, 165], "mask_file": "frame_0053_track_1.npy", "score": 1.0045876502990723}, {"track_id": 2, "bbox": [0, 0, 202, 239], "mask_file": "frame_0053_track_2.npy", "score": 0.9918359518051147}], "54": [{"track_id": 1, "bbox": [118, 56, 215, 165], "mask_file": "frame_0054_track_1.npy", "score": 1.0034996271133423}, {"track_id": 2, "bbox": [0, 0, 206, 239], "mask_file": "frame_0054_track_2.npy", "score": 0.9935081005096436}]}