{"0": [{"track_id": 1, "bbox": [98, 112, 234, 239], "mask_file": "frame_0000_track_1.npy", "score": 0.9898508787155151}, {"track_id": 2, "bbox": [195, 70, 243, 168], "mask_file": "frame_0000_track_2.npy", "score": 0.9910095930099487}], "1": [{"track_id": 1, "bbox": [98, 112, 234, 239], "mask_file": "frame_0001_track_1.npy", "score": 1.0000805854797363}, {"track_id": 2, "bbox": [195, 70, 242, 168], "mask_file": "frame_0001_track_2.npy", "score": 1.0014128684997559}], "2": [{"track_id": 1, "bbox": [98, 112, 234, 239], "mask_file": "frame_0002_track_1.npy", "score": 1.0004273653030396}, {"track_id": 2, "bbox": [195, 70, 242, 168], "mask_file": "frame_0002_track_2.npy", "score": 1.0020250082015991}], "3": [{"track_id": 1, "bbox": [99, 114, 234, 239], "mask_file": "frame_0003_track_1.npy", "score": 0.9992742538452148}, {"track_id": 2, "bbox": [195, 71, 242, 168], "mask_file": "frame_0003_track_2.npy", "score": 1.0022300481796265}], "4": [{"track_id": 1, "bbox": [100, 112, 234, 239], "mask_file": "frame_0004_track_1.npy", "score": 0.999565839767456}, {"track_id": 2, "bbox": [196, 71, 243, 167], "mask_file": "frame_0004_track_2.npy", "score": 1.0000311136245728}], "5": [{"track_id": 1, "bbox": [101, 109, 232, 239], "mask_file": "frame_0005_track_1.npy", "score": 0.9992426633834839}, {"track_id": 2, "bbox": [196, 71, 243, 169], "mask_file": "frame_0005_track_2.npy", "score": 0.9989007711410522}], "6": [{"track_id": 1, "bbox": [102, 108, 229, 239], "mask_file": "frame_0006_track_1.npy", "score": 1.0002844333648682}, {"track_id": 2, "bbox": [197, 71, 243, 170], "mask_file": "frame_0006_track_2.npy", "score": 1.001996397972107}], "7": [{"track_id": 1, "bbox": [103, 108, 228, 239], "mask_file": "frame_0007_track_1.npy", "score": 1.0012173652648926}, {"track_id": 2, "bbox": [197, 70, 243, 170], "mask_file": "frame_0007_track_2.npy", "score": 1.0022318363189697}], "8": [{"track_id": 1, "bbox": [104, 109, 228, 239], "mask_file": "frame_0008_track_1.npy", "score": 1.0017728805541992}, {"track_id": 2, "bbox": [197, 71, 244, 170], "mask_file": "frame_0008_track_2.npy", "score": 1.0015090703964233}], "9": [{"track_id": 1, "bbox": [105, 112, 227, 239], "mask_file": "frame_0009_track_1.npy", "score": 1.002406358718872}, {"track_id": 2, "bbox": [198, 71, 244, 170], "mask_file": "frame_0009_track_2.npy", "score": 1.0011072158813477}], "10": [{"track_id": 1, "bbox": [106, 122, 228, 239], "mask_file": "frame_0010_track_1.npy", "score": 1.0001628398895264}, {"track_id": 2, "bbox": [199, 71, 245, 170], "mask_file": "frame_0010_track_2.npy", "score": 0.9996291399002075}], "11": [{"track_id": 1, "bbox": [110, 117, 231, 239], "mask_file": "frame_0011_track_1.npy", "score": 1.0026623010635376}, {"track_id": 2, "bbox": [201, 71, 245, 170], "mask_file": "frame_0011_track_2.npy", "score": 0.9965054988861084}], "12": [{"track_id": 1, "bbox": [113, 117, 239, 239], "mask_file": "frame_0012_track_1.npy", "score": 0.9961851835250854}, {"track_id": 2, "bbox": [201, 70, 245, 167], "mask_file": "frame_0012_track_2.npy", "score": 1.0008373260498047}], "13": [{"track_id": 1, "bbox": [114, 116, 244, 239], "mask_file": "frame_0013_track_1.npy", "score": 1.002960443496704}, {"track_id": 2, "bbox": [200, 69, 244, 163], "mask_file": "frame_0013_track_2.npy", "score": 1.0008342266082764}], "14": [{"track_id": 1, "bbox": [116, 115, 245, 239], "mask_file": "frame_0014_track_1.npy", "score": 1.0040018558502197}, {"track_id": 2, "bbox": [201, 68, 244, 162], "mask_file": "frame_0014_track_2.npy", "score": 1.0007721185684204}], "15": [{"track_id": 1, "bbox": [117, 113, 245, 239], "mask_file": "frame_0015_track_1.npy", "score": 1.003854751586914}, {"track_id": 2, "bbox": [201, 65, 245, 158], "mask_file": "frame_0015_track_2.npy", "score": 1.0005285739898682}], "16": [{"track_id": 1, "bbox": [118, 106, 244, 239], "mask_file": "frame_0016_track_1.npy", "score": 1.005550503730774}, {"track_id": 2, "bbox": [202, 59, 245, 152], "mask_file": "frame_0016_track_2.npy", "score": 0.995668888092041}], "17": [{"track_id": 1, "bbox": [117, 101, 243, 239], "mask_file": "frame_0017_track_1.npy", "score": 1.0032036304473877}, {"track_id": 2, "bbox": [201, 55, 244, 147], "mask_file": "frame_0017_track_2.npy", "score": 0.9951915740966797}], "18": [{"track_id": 1, "bbox": [112, 95, 242, 239], "mask_file": "frame_0018_track_1.npy", "score": 1.000290036201477}, {"track_id": 2, "bbox": [199, 49, 243, 141], "mask_file": "frame_0018_track_2.npy", "score": 0.9916207790374756}], "19": [{"track_id": 1, "bbox": [108, 91, 241, 239], "mask_file": "frame_0019_track_1.npy", "score": 1.0026094913482666}, {"track_id": 2, "bbox": [199, 45, 242, 140], "mask_file": "frame_0019_track_2.npy", "score": 0.9959855079650879}], "20": [{"track_id": 1, "bbox": [102, 85, 241, 239], "mask_file": "frame_0020_track_1.npy", "score": 1.0032293796539307}, {"track_id": 2, "bbox": [198, 39, 241, 134], "mask_file": "frame_0020_track_2.npy", "score": 0.9948683977127075}], "21": [{"track_id": 1, "bbox": [97, 80, 241, 239], "mask_file": "frame_0021_track_1.npy", "score": 1.0029027462005615}, {"track_id": 2, "bbox": [198, 35, 241, 125], "mask_file": "frame_0021_track_2.npy", "score": 0.9966050386428833}], "22": [{"track_id": 1, "bbox": [85, 73, 240, 239], "mask_file": "frame_0022_track_1.npy", "score": 1.0022833347320557}, {"track_id": 2, "bbox": [196, 27, 239, 117], "mask_file": "frame_0022_track_2.npy", "score": 0.9917845726013184}], "23": [{"track_id": 1, "bbox": [77, 68, 239, 239], "mask_file": "frame_0023_track_1.npy", "score": 1.0043824911117554}, {"track_id": 2, "bbox": [196, 23, 239, 110], "mask_file": "frame_0023_track_2.npy", "score": 0.996518611907959}], "24": [{"track_id": 1, "bbox": [67, 60, 239, 239], "mask_file": "frame_0024_track_1.npy", "score": 1.0029489994049072}, {"track_id": 2, "bbox": [195, 16, 238, 102], "mask_file": "frame_0024_track_2.npy", "score": 0.9942916631698608}], "25": [{"track_id": 1, "bbox": [59, 56, 238, 239], "mask_file": "frame_0025_track_1.npy", "score": 1.0020430088043213}, {"track_id": 2, "bbox": [196, 12, 237, 97], "mask_file": "frame_0025_track_2.npy", "score": 0.9956299066543579}], "26": [{"track_id": 1, "bbox": [52, 51, 238, 239], "mask_file": "frame_0026_track_1.npy", "score": 1.0036579370498657}, {"track_id": 2, "bbox": [195, 6, 237, 92], "mask_file": "frame_0026_track_2.npy", "score": 0.9942910671234131}], "27": [{"track_id": 1, "bbox": [49, 47, 239, 239], "mask_file": "frame_0027_track_1.npy", "score": 1.0028427839279175}, {"track_id": 2, "bbox": [195, 3, 236, 88], "mask_file": "frame_0027_track_2.npy", "score": 0.9983371496200562}], "28": [{"track_id": 1, "bbox": [46, 42, 242, 239], "mask_file": "frame_0028_track_1.npy", "score": 1.0026997327804565}, {"track_id": 2, "bbox": [198, 0, 238, 83], "mask_file": "frame_0028_track_2.npy", "score": 0.9985105991363525}], "29": [{"track_id": 1, "bbox": [42, 40, 242, 239], "mask_file": "frame_0029_track_1.npy", "score": 1.0023467540740967}, {"track_id": 2, "bbox": [198, 0, 239, 79], "mask_file": "frame_0029_track_2.npy", "score": 0.99808669090271}], "30": [{"track_id": 1, "bbox": [34, 35, 243, 239], "mask_file": "frame_0030_track_1.npy", "score": 1.0023998022079468}, {"track_id": 2, "bbox": [199, 0, 239, 75], "mask_file": "frame_0030_track_2.npy", "score": 0.9997878074645996}], "31": [{"track_id": 1, "bbox": [29, 32, 243, 239], "mask_file": "frame_0031_track_1.npy", "score": 1.0013093948364258}, {"track_id": 2, "bbox": [199, 0, 239, 71], "mask_file": "frame_0031_track_2.npy", "score": 0.9999942779541016}], "32": [{"track_id": 1, "bbox": [22, 28, 243, 239], "mask_file": "frame_0032_track_1.npy", "score": 1.0013558864593506}, {"track_id": 2, "bbox": [199, 0, 239, 68], "mask_file": "frame_0032_track_2.npy", "score": 1.0001357793807983}], "33": [{"track_id": 1, "bbox": [18, 25, 244, 239], "mask_file": "frame_0033_track_1.npy", "score": 1.0014569759368896}, {"track_id": 2, "bbox": [200, 0, 240, 63], "mask_file": "frame_0033_track_2.npy", "score": 0.9981213808059692}], "34": [{"track_id": 1, "bbox": [6, 5, 246, 239], "mask_file": "frame_0034_track_1.npy", "score": 1.002610683441162}, {"track_id": 2, "bbox": [201, 0, 241, 62], "mask_file": "frame_0034_track_2.npy", "score": 0.9956303834915161}], "35": [{"track_id": 1, "bbox": [0, 0, 232, 239], "mask_file": "frame_0035_track_1.npy", "score": 0.9969249367713928}, {"track_id": 2, "bbox": [203, 0, 244, 71], "mask_file": "frame_0035_track_2.npy", "score": 0.9714319705963135}], "36": [{"track_id": 1, "bbox": [0, 0, 192, 239], "mask_file": "frame_0036_track_1.npy", "score": 0.9834722280502319}, {"track_id": 2, "bbox": [206, 0, 247, 71], "mask_file": "frame_0036_track_2.npy", "score": 1.0070996284484863}], "37": [{"track_id": 1, "bbox": [0, 0, 165, 239], "mask_file": "frame_0037_track_1.npy", "score": 0.993786096572876}, {"track_id": 2, "bbox": [207, 0, 248, 71], "mask_file": "frame_0037_track_2.npy", "score": 1.0068222284317017}]}