{"0": [{"track_id": 1, "bbox": [181, 38, 267, 117], "mask_file": "frame_0000_track_1.npy", "score": 0.9948687553405762}, {"track_id": 2, "bbox": [140, 166, 199, 239], "mask_file": "frame_0000_track_2.npy", "score": 0.8269660472869873}, {"track_id": 3, "bbox": [0, 155, 181, 239], "mask_file": "frame_0000_track_3.npy", "score": 0.9822549819946289}], "1": [{"track_id": 1, "bbox": [180, 38, 266, 117], "mask_file": "frame_0001_track_1.npy", "score": 1.0071995258331299}, {"track_id": 2, "bbox": [141, 167, 199, 239], "mask_file": "frame_0001_track_2.npy", "score": 0.9324615001678467}, {"track_id": 3, "bbox": [0, 155, 142, 239], "mask_file": "frame_0001_track_3.npy", "score": 0.9881869554519653}], "2": [{"track_id": 1, "bbox": [181, 39, 267, 118], "mask_file": "frame_0002_track_1.npy", "score": 1.007021427154541}, {"track_id": 2, "bbox": [141, 167, 200, 239], "mask_file": "frame_0002_track_2.npy", "score": 0.9421089887619019}, {"track_id": 3, "bbox": [0, 155, 141, 239], "mask_file": "frame_0002_track_3.npy", "score": 0.9962376356124878}], "3": [{"track_id": 1, "bbox": [180, 39, 265, 119], "mask_file": "frame_0003_track_1.npy", "score": 1.0071234703063965}, {"track_id": 2, "bbox": [141, 169, 199, 239], "mask_file": "frame_0003_track_2.npy", "score": 0.9522460699081421}, {"track_id": 3, "bbox": [0, 157, 141, 239], "mask_file": "frame_0003_track_3.npy", "score": 0.9774397611618042}], "4": [{"track_id": 1, "bbox": [178, 40, 264, 120], "mask_file": "frame_0004_track_1.npy", "score": 1.0083483457565308}, {"track_id": 2, "bbox": [132, 170, 198, 239], "mask_file": "frame_0004_track_2.npy", "score": 0.956558346748352}, {"track_id": 3, "bbox": [0, 159, 88, 237], "mask_file": "frame_0004_track_3.npy", "score": 0.9655212163925171}], "5": [{"track_id": 1, "bbox": [176, 41, 262, 121], "mask_file": "frame_0005_track_1.npy", "score": 1.0086530447006226}, {"track_id": 2, "bbox": [155, 171, 201, 239], "mask_file": "frame_0005_track_2.npy", "score": 0.9454163312911987}, {"track_id": 3, "bbox": [0, 161, 88, 237], "mask_file": "frame_0005_track_3.npy", "score": 1.0071310997009277}], "6": [{"track_id": 1, "bbox": [174, 42, 261, 122], "mask_file": "frame_0006_track_1.npy", "score": 1.009635329246521}, {"track_id": 2, "bbox": [178, 173, 209, 239], "mask_file": "frame_0006_track_2.npy", "score": 0.8784260749816895}, {"track_id": 3, "bbox": [0, 163, 89, 233], "mask_file": "frame_0006_track_3.npy", "score": 0.9612582921981812}], "7": [{"track_id": 1, "bbox": [173, 43, 260, 124], "mask_file": "frame_0007_track_1.npy", "score": 1.0104514360427856}, {"track_id": 2, "bbox": [187, 175, 210, 239], "mask_file": "frame_0007_track_2.npy", "score": 0.9224370718002319}, {"track_id": 3, "bbox": [0, 165, 93, 230], "mask_file": "frame_0007_track_3.npy", "score": 0.9846409559249878}], "8": [{"track_id": 1, "bbox": [171, 44, 258, 125], "mask_file": "frame_0008_track_1.npy", "score": 1.0085150003433228}, {"track_id": 2, "bbox": [193, 202, 204, 239], "mask_file": "frame_0008_track_2.npy", "score": 0.8904738426208496}, {"track_id": 3, "bbox": [0, 167, 100, 222], "mask_file": "frame_0008_track_3.npy", "score": 0.9805090427398682}], "9": [{"track_id": 1, "bbox": [170, 45, 257, 126], "mask_file": "frame_0009_track_1.npy", "score": 1.0088248252868652}, {"track_id": 2, "bbox": [188, 204, 206, 239], "mask_file": "frame_0009_track_2.npy", "score": 0.9399174451828003}, {"track_id": 3, "bbox": [0, 168, 113, 214], "mask_file": "frame_0009_track_3.npy", "score": 0.9997967481613159}], "10": [{"track_id": 1, "bbox": [168, 46, 256, 128], "mask_file": "frame_0010_track_1.npy", "score": 1.0071576833724976}, {"track_id": 2, "bbox": [134, 134, 197, 229], "mask_file": "frame_0010_track_2.npy", "score": 0.9837174415588379}, {"track_id": 3, "bbox": [0, 169, 188, 239], "mask_file": "frame_0010_track_3.npy", "score": 0.9888432025909424}], "11": [{"track_id": 1, "bbox": [166, 46, 255, 128], "mask_file": "frame_0011_track_1.npy", "score": 1.0062291622161865}, {"track_id": 2, "bbox": [135, 134, 195, 226], "mask_file": "frame_0011_track_2.npy", "score": 1.0017132759094238}, {"track_id": 3, "bbox": [0, 168, 187, 239], "mask_file": "frame_0011_track_3.npy", "score": 0.9952913522720337}], "12": [{"track_id": 1, "bbox": [166, 46, 254, 129], "mask_file": "frame_0012_track_1.npy", "score": 1.0085850954055786}, {"track_id": 2, "bbox": [139, 138, 199, 226], "mask_file": "frame_0012_track_2.npy", "score": 1.0036910772323608}, {"track_id": 3, "bbox": [0, 167, 192, 239], "mask_file": "frame_0012_track_3.npy", "score": 0.9904857873916626}], "13": [{"track_id": 1, "bbox": [167, 46, 255, 128], "mask_file": "frame_0013_track_1.npy", "score": 1.0090659856796265}, {"track_id": 2, "bbox": [144, 139, 203, 225], "mask_file": "frame_0013_track_2.npy", "score": 0.9999099373817444}, {"track_id": 3, "bbox": [0, 165, 196, 239], "mask_file": "frame_0013_track_3.npy", "score": 0.9886282086372375}], "14": [{"track_id": 1, "bbox": [167, 45, 255, 128], "mask_file": "frame_0014_track_1.npy", "score": 1.0097038745880127}, {"track_id": 2, "bbox": [148, 140, 206, 224], "mask_file": "frame_0014_track_2.npy", "score": 0.9996660947799683}, {"track_id": 3, "bbox": [0, 164, 199, 239], "mask_file": "frame_0014_track_3.npy", "score": 0.9932054877281189}], "15": [{"track_id": 1, "bbox": [168, 46, 256, 129], "mask_file": "frame_0015_track_1.npy", "score": 1.0101580619812012}, {"track_id": 2, "bbox": [152, 141, 209, 224], "mask_file": "frame_0015_track_2.npy", "score": 0.9965888261795044}, {"track_id": 3, "bbox": [0, 164, 202, 239], "mask_file": "frame_0015_track_3.npy", "score": 0.993516206741333}], "16": [{"track_id": 1, "bbox": [169, 46, 257, 129], "mask_file": "frame_0016_track_1.npy", "score": 1.0093326568603516}, {"track_id": 2, "bbox": [155, 141, 210, 221], "mask_file": "frame_0016_track_2.npy", "score": 0.9953926801681519}, {"track_id": 3, "bbox": [0, 163, 203, 239], "mask_file": "frame_0016_track_3.npy", "score": 0.9963150024414062}], "17": [{"track_id": 1, "bbox": [169, 46, 257, 129], "mask_file": "frame_0017_track_1.npy", "score": 1.0097298622131348}, {"track_id": 2, "bbox": [158, 141, 212, 219], "mask_file": "frame_0017_track_2.npy", "score": 0.9956722259521484}, {"track_id": 3, "bbox": [0, 162, 204, 239], "mask_file": "frame_0017_track_3.npy", "score": 0.9977878928184509}], "18": [{"track_id": 1, "bbox": [169, 45, 257, 128], "mask_file": "frame_0018_track_1.npy", "score": 1.0092719793319702}, {"track_id": 2, "bbox": [160, 141, 214, 216], "mask_file": "frame_0018_track_2.npy", "score": 1.000259518623352}, {"track_id": 3, "bbox": [0, 161, 205, 239], "mask_file": "frame_0018_track_3.npy", "score": 1.0002201795578003}], "19": [{"track_id": 1, "bbox": [168, 45, 257, 129], "mask_file": "frame_0019_track_1.npy", "score": 1.0092549324035645}, {"track_id": 2, "bbox": [162, 143, 214, 215], "mask_file": "frame_0019_track_2.npy", "score": 0.9994738101959229}, {"track_id": 3, "bbox": [0, 162, 206, 239], "mask_file": "frame_0019_track_3.npy", "score": 0.9991814494132996}], "20": [{"track_id": 1, "bbox": [169, 46, 257, 129], "mask_file": "frame_0020_track_1.npy", "score": 1.0106340646743774}, {"track_id": 2, "bbox": [166, 143, 216, 213], "mask_file": "frame_0020_track_2.npy", "score": 0.9964697360992432}, {"track_id": 3, "bbox": [0, 162, 210, 239], "mask_file": "frame_0020_track_3.npy", "score": 0.994107186794281}], "21": [{"track_id": 1, "bbox": [169, 46, 258, 130], "mask_file": "frame_0021_track_1.npy", "score": 1.0097699165344238}, {"track_id": 2, "bbox": [168, 143, 217, 211], "mask_file": "frame_0021_track_2.npy", "score": 0.9952871799468994}, {"track_id": 3, "bbox": [0, 160, 211, 239], "mask_file": "frame_0021_track_3.npy", "score": 0.9995934963226318}], "22": [{"track_id": 1, "bbox": [168, 46, 257, 130], "mask_file": "frame_0022_track_1.npy", "score": 1.009474277496338}, {"track_id": 2, "bbox": [167, 141, 216, 211], "mask_file": "frame_0022_track_2.npy", "score": 0.9937872886657715}, {"track_id": 3, "bbox": [0, 160, 208, 239], "mask_file": "frame_0022_track_3.npy", "score": 0.9993284940719604}], "23": [{"track_id": 1, "bbox": [168, 46, 257, 131], "mask_file": "frame_0023_track_1.npy", "score": 1.003937005996704}, {"track_id": 2, "bbox": [163, 139, 212, 210], "mask_file": "frame_0023_track_2.npy", "score": 0.9936312437057495}, {"track_id": 3, "bbox": [0, 161, 206, 239], "mask_file": "frame_0023_track_3.npy", "score": 0.9990652799606323}], "24": [{"track_id": 1, "bbox": [169, 46, 257, 131], "mask_file": "frame_0024_track_1.npy", "score": 1.0052146911621094}, {"track_id": 2, "bbox": [164, 138, 212, 208], "mask_file": "frame_0024_track_2.npy", "score": 0.9949319362640381}, {"track_id": 3, "bbox": [0, 160, 205, 239], "mask_file": "frame_0024_track_3.npy", "score": 0.9997504949569702}], "25": [{"track_id": 1, "bbox": [169, 46, 258, 136], "mask_file": "frame_0025_track_1.npy", "score": 1.010827660560608}, {"track_id": 2, "bbox": [164, 136, 212, 206], "mask_file": "frame_0025_track_2.npy", "score": 0.9932360649108887}, {"track_id": 3, "bbox": [0, 159, 205, 239], "mask_file": "frame_0025_track_3.npy", "score": 0.9998149871826172}], "26": [{"track_id": 1, "bbox": [170, 46, 258, 134], "mask_file": "frame_0026_track_1.npy", "score": 1.0109174251556396}, {"track_id": 2, "bbox": [162, 132, 212, 201], "mask_file": "frame_0026_track_2.npy", "score": 0.9930838346481323}, {"track_id": 3, "bbox": [0, 155, 204, 239], "mask_file": "frame_0026_track_3.npy", "score": 1.0004881620407104}], "27": [{"track_id": 1, "bbox": [170, 46, 258, 134], "mask_file": "frame_0027_track_1.npy", "score": 1.0103569030761719}, {"track_id": 2, "bbox": [165, 133, 213, 200], "mask_file": "frame_0027_track_2.npy", "score": 0.9913469552993774}, {"track_id": 3, "bbox": [0, 154, 204, 239], "mask_file": "frame_0027_track_3.npy", "score": 1.000167965888977}], "28": [{"track_id": 1, "bbox": [169, 46, 258, 135], "mask_file": "frame_0028_track_1.npy", "score": 1.0104295015335083}, {"track_id": 2, "bbox": [168, 134, 215, 199], "mask_file": "frame_0028_track_2.npy", "score": 0.9876887798309326}, {"track_id": 3, "bbox": [0, 155, 206, 239], "mask_file": "frame_0028_track_3.npy", "score": 1.000031590461731}], "29": [{"track_id": 1, "bbox": [168, 46, 257, 136], "mask_file": "frame_0029_track_1.npy", "score": 1.0141130685806274}, {"track_id": 2, "bbox": [173, 134, 217, 198], "mask_file": "frame_0029_track_2.npy", "score": 0.990839958190918}, {"track_id": 3, "bbox": [0, 155, 209, 239], "mask_file": "frame_0029_track_3.npy", "score": 0.9995442628860474}], "30": [{"track_id": 1, "bbox": [167, 45, 256, 134], "mask_file": "frame_0030_track_1.npy", "score": 1.012468934059143}, {"track_id": 2, "bbox": [174, 133, 220, 198], "mask_file": "frame_0030_track_2.npy", "score": 0.9906855821609497}, {"track_id": 3, "bbox": [0, 155, 212, 239], "mask_file": "frame_0030_track_3.npy", "score": 0.9985108375549316}], "31": [{"track_id": 1, "bbox": [167, 45, 256, 132], "mask_file": "frame_0031_track_1.npy", "score": 1.013640284538269}, {"track_id": 2, "bbox": [175, 131, 220, 196], "mask_file": "frame_0031_track_2.npy", "score": 0.9862264394760132}, {"track_id": 3, "bbox": [0, 154, 212, 239], "mask_file": "frame_0031_track_3.npy", "score": 0.9989893436431885}], "32": [{"track_id": 1, "bbox": [167, 45, 255, 131], "mask_file": "frame_0032_track_1.npy", "score": 1.0116041898727417}, {"track_id": 2, "bbox": [175, 130, 220, 193], "mask_file": "frame_0032_track_2.npy", "score": 0.9865186214447021}, {"track_id": 3, "bbox": [0, 152, 212, 239], "mask_file": "frame_0032_track_3.npy", "score": 0.9988727569580078}], "33": [{"track_id": 1, "bbox": [166, 44, 254, 129], "mask_file": "frame_0033_track_1.npy", "score": 1.0117019414901733}, {"track_id": 2, "bbox": [174, 129, 219, 191], "mask_file": "frame_0033_track_2.npy", "score": 0.9849470853805542}, {"track_id": 3, "bbox": [0, 149, 211, 239], "mask_file": "frame_0033_track_3.npy", "score": 0.999118447303772}], "34": [{"track_id": 1, "bbox": [166, 44, 254, 127], "mask_file": "frame_0034_track_1.npy", "score": 1.009326457977295}, {"track_id": 2, "bbox": [174, 126, 220, 191], "mask_file": "frame_0034_track_2.npy", "score": 0.9827173948287964}, {"track_id": 3, "bbox": [0, 149, 212, 239], "mask_file": "frame_0034_track_3.npy", "score": 0.9984067678451538}], "35": [{"track_id": 1, "bbox": [166, 44, 254, 127], "mask_file": "frame_0035_track_1.npy", "score": 1.007625699043274}, {"track_id": 2, "bbox": [174, 126, 220, 191], "mask_file": "frame_0035_track_2.npy", "score": 0.9842406511306763}, {"track_id": 3, "bbox": [0, 148, 213, 239], "mask_file": "frame_0035_track_3.npy", "score": 0.9985592365264893}], "36": [{"track_id": 1, "bbox": [167, 45, 254, 127], "mask_file": "frame_0036_track_1.npy", "score": 1.0081021785736084}, {"track_id": 2, "bbox": [176, 126, 221, 191], "mask_file": "frame_0036_track_2.npy", "score": 0.9868251085281372}, {"track_id": 3, "bbox": [0, 149, 214, 239], "mask_file": "frame_0036_track_3.npy", "score": 0.9988745450973511}], "37": [{"track_id": 1, "bbox": [167, 44, 254, 128], "mask_file": "frame_0037_track_1.npy", "score": 1.0092555284500122}, {"track_id": 2, "bbox": [177, 127, 223, 191], "mask_file": "frame_0037_track_2.npy", "score": 0.9840669631958008}, {"track_id": 3, "bbox": [0, 149, 215, 239], "mask_file": "frame_0037_track_3.npy", "score": 0.9988101720809937}], "38": [{"track_id": 1, "bbox": [166, 43, 254, 127], "mask_file": "frame_0038_track_1.npy", "score": 1.0098892450332642}, {"track_id": 2, "bbox": [180, 126, 226, 191], "mask_file": "frame_0038_track_2.npy", "score": 0.985150933265686}, {"track_id": 3, "bbox": [0, 148, 219, 239], "mask_file": "frame_0038_track_3.npy", "score": 0.9991054534912109}], "39": [{"track_id": 1, "bbox": [167, 43, 254, 126], "mask_file": "frame_0039_track_1.npy", "score": 1.0089353322982788}, {"track_id": 2, "bbox": [184, 124, 229, 189], "mask_file": "frame_0039_track_2.npy", "score": 0.9819002747535706}, {"track_id": 3, "bbox": [0, 146, 223, 239], "mask_file": "frame_0039_track_3.npy", "score": 0.9980224370956421}], "40": [{"track_id": 1, "bbox": [169, 42, 254, 125], "mask_file": "frame_0040_track_1.npy", "score": 1.009106993675232}, {"track_id": 2, "bbox": [187, 124, 232, 188], "mask_file": "frame_0040_track_2.npy", "score": 0.9835296869277954}, {"track_id": 3, "bbox": [0, 145, 226, 239], "mask_file": "frame_0040_track_3.npy", "score": 0.9992077350616455}], "41": [{"track_id": 1, "bbox": [169, 42, 253, 126], "mask_file": "frame_0041_track_1.npy", "score": 1.0078809261322021}, {"track_id": 2, "bbox": [186, 125, 232, 189], "mask_file": "frame_0041_track_2.npy", "score": 0.9844983816146851}, {"track_id": 3, "bbox": [0, 147, 225, 239], "mask_file": "frame_0041_track_3.npy", "score": 1.0002472400665283}], "42": [{"track_id": 1, "bbox": [168, 43, 252, 128], "mask_file": "frame_0042_track_1.npy", "score": 1.0086191892623901}, {"track_id": 2, "bbox": [184, 127, 228, 190], "mask_file": "frame_0042_track_2.npy", "score": 0.9867662191390991}, {"track_id": 3, "bbox": [0, 148, 221, 239], "mask_file": "frame_0042_track_3.npy", "score": 0.9997377395629883}], "43": [{"track_id": 1, "bbox": [168, 43, 252, 129], "mask_file": "frame_0043_track_1.npy", "score": 1.01087486743927}, {"track_id": 2, "bbox": [181, 127, 225, 190], "mask_file": "frame_0043_track_2.npy", "score": 0.983338475227356}, {"track_id": 3, "bbox": [0, 147, 219, 239], "mask_file": "frame_0043_track_3.npy", "score": 1.0002660751342773}], "44": [{"track_id": 1, "bbox": [168, 43, 252, 129], "mask_file": "frame_0044_track_1.npy", "score": 1.0130267143249512}, {"track_id": 2, "bbox": [174, 128, 218, 191], "mask_file": "frame_0044_track_2.npy", "score": 0.9855448007583618}, {"track_id": 3, "bbox": [0, 148, 212, 239], "mask_file": "frame_0044_track_3.npy", "score": 1.0015392303466797}], "45": [{"track_id": 1, "bbox": [168, 43, 252, 130], "mask_file": "frame_0045_track_1.npy", "score": 1.0115493535995483}, {"track_id": 2, "bbox": [169, 129, 214, 192], "mask_file": "frame_0045_track_2.npy", "score": 0.9876923561096191}, {"track_id": 3, "bbox": [0, 149, 209, 239], "mask_file": "frame_0045_track_3.npy", "score": 1.0006980895996094}], "46": [{"track_id": 1, "bbox": [169, 42, 252, 132], "mask_file": "frame_0046_track_1.npy", "score": 1.0117977857589722}, {"track_id": 2, "bbox": [167, 130, 212, 194], "mask_file": "frame_0046_track_2.npy", "score": 0.9865398406982422}, {"track_id": 3, "bbox": [0, 151, 206, 239], "mask_file": "frame_0046_track_3.npy", "score": 1.0001351833343506}], "47": [{"track_id": 1, "bbox": [171, 42, 254, 132], "mask_file": "frame_0047_track_1.npy", "score": 1.0116580724716187}, {"track_id": 2, "bbox": [168, 130, 214, 194], "mask_file": "frame_0047_track_2.npy", "score": 0.9864810705184937}, {"track_id": 3, "bbox": [0, 151, 207, 239], "mask_file": "frame_0047_track_3.npy", "score": 0.9987871646881104}], "48": [{"track_id": 1, "bbox": [171, 42, 254, 132], "mask_file": "frame_0048_track_1.npy", "score": 1.0114145278930664}, {"track_id": 2, "bbox": [169, 131, 216, 196], "mask_file": "frame_0048_track_2.npy", "score": 0.9874653816223145}, {"track_id": 3, "bbox": [0, 153, 209, 239], "mask_file": "frame_0048_track_3.npy", "score": 0.9985474348068237}], "49": [{"track_id": 1, "bbox": [172, 43, 255, 133], "mask_file": "frame_0049_track_1.npy", "score": 1.0129261016845703}, {"track_id": 2, "bbox": [172, 132, 217, 196], "mask_file": "frame_0049_track_2.npy", "score": 0.9860568046569824}, {"track_id": 3, "bbox": [0, 153, 211, 239], "mask_file": "frame_0049_track_3.npy", "score": 0.9986129999160767}]}