{"0": [{"track_id": 1, "bbox": [19, 61, 426, 208], "mask_file": "frame_0000_track_1.npy", "score": 0.9687848091125488}, {"track_id": 2, "bbox": [17, 82, 144, 207], "mask_file": "frame_0000_track_2.npy", "score": 0.9287540912628174}, {"track_id": 3, "bbox": [139, 78, 308, 129], "mask_file": "frame_0000_track_3.npy", "score": 0.9122120141983032}], "1": [{"track_id": 1, "bbox": [18, 62, 426, 209], "mask_file": "frame_0001_track_1.npy", "score": 1.0110279321670532}, {"track_id": 2, "bbox": [18, 77, 145, 209], "mask_file": "frame_0001_track_2.npy", "score": 0.978363037109375}, {"track_id": 3, "bbox": [137, 76, 306, 130], "mask_file": "frame_0001_track_3.npy", "score": 0.8909791707992554}], "2": [{"track_id": 1, "bbox": [19, 62, 426, 210], "mask_file": "frame_0002_track_1.npy", "score": 1.0116642713546753}, {"track_id": 2, "bbox": [18, 77, 145, 210], "mask_file": "frame_0002_track_2.npy", "score": 0.9768346548080444}, {"track_id": 3, "bbox": [112, 77, 306, 131], "mask_file": "frame_0002_track_3.npy", "score": 0.88025963306427}], "3": [{"track_id": 1, "bbox": [18, 65, 426, 215], "mask_file": "frame_0003_track_1.npy", "score": 1.0105493068695068}, {"track_id": 2, "bbox": [17, 81, 151, 215], "mask_file": "frame_0003_track_2.npy", "score": 0.9177876710891724}, {"track_id": 3, "bbox": [99, 81, 303, 141], "mask_file": "frame_0003_track_3.npy", "score": 0.854455828666687}], "4": [{"track_id": 1, "bbox": [18, 65, 426, 211], "mask_file": "frame_0004_track_1.npy", "score": 1.0078766345977783}, {"track_id": 2, "bbox": [18, 82, 156, 211], "mask_file": "frame_0004_track_2.npy", "score": 0.9608579874038696}, {"track_id": 3, "bbox": [95, 82, 287, 143], "mask_file": "frame_0004_track_3.npy", "score": 0.9620084762573242}], "5": [{"track_id": 1, "bbox": [15, 64, 426, 208], "mask_file": "frame_0005_track_1.npy", "score": 1.0081849098205566}, {"track_id": 2, "bbox": [14, 82, 139, 207], "mask_file": "frame_0005_track_2.npy", "score": 0.9654803276062012}, {"track_id": 3, "bbox": [94, 81, 254, 143], "mask_file": "frame_0005_track_3.npy", "score": 0.9676286578178406}], "6": [{"track_id": 1, "bbox": [14, 62, 426, 205], "mask_file": "frame_0006_track_1.npy", "score": 1.01044499874115}, {"track_id": 2, "bbox": [14, 80, 146, 204], "mask_file": "frame_0006_track_2.npy", "score": 0.9734952449798584}, {"track_id": 3, "bbox": [95, 79, 183, 140], "mask_file": "frame_0006_track_3.npy", "score": 0.9399973750114441}], "7": [{"track_id": 1, "bbox": [14, 58, 426, 198], "mask_file": "frame_0007_track_1.npy", "score": 1.0066543817520142}, {"track_id": 2, "bbox": [14, 76, 156, 198], "mask_file": "frame_0007_track_2.npy", "score": 0.9522439241409302}, {"track_id": 3, "bbox": [92, 75, 184, 135], "mask_file": "frame_0007_track_3.npy", "score": 0.9792958498001099}], "8": [{"track_id": 1, "bbox": [22, 58, 426, 196], "mask_file": "frame_0008_track_1.npy", "score": 1.001672625541687}, {"track_id": 2, "bbox": [22, 75, 162, 188], "mask_file": "frame_0008_track_2.npy", "score": 0.9510278701782227}, {"track_id": 3, "bbox": [86, 74, 187, 134], "mask_file": "frame_0008_track_3.npy", "score": 0.9629232883453369}], "9": [{"track_id": 1, "bbox": [33, 59, 426, 198], "mask_file": "frame_0009_track_1.npy", "score": 1.0024933815002441}, {"track_id": 2, "bbox": [32, 76, 166, 182], "mask_file": "frame_0009_track_2.npy", "score": 0.9590812921524048}, {"track_id": 3, "bbox": [79, 75, 190, 136], "mask_file": "frame_0009_track_3.npy", "score": 0.9710471630096436}], "10": [{"track_id": 1, "bbox": [38, 59, 426, 200], "mask_file": "frame_0010_track_1.npy", "score": 1.0062074661254883}, {"track_id": 2, "bbox": [0, 91, 134, 234], "mask_file": "frame_0010_track_2.npy", "score": 0.9929351806640625}, {"track_id": 3, "bbox": [80, 76, 190, 139], "mask_file": "frame_0010_track_3.npy", "score": 0.9800963401794434}], "11": [{"track_id": 1, "bbox": [40, 59, 426, 204], "mask_file": "frame_0011_track_1.npy", "score": 1.0043061971664429}, {"track_id": 2, "bbox": [0, 93, 133, 236], "mask_file": "frame_0011_track_2.npy", "score": 0.9981796741485596}, {"track_id": 3, "bbox": [81, 77, 192, 144], "mask_file": "frame_0011_track_3.npy", "score": 0.9814249277114868}], "12": [{"track_id": 1, "bbox": [42, 58, 426, 205], "mask_file": "frame_0012_track_1.npy", "score": 1.0004526376724243}, {"track_id": 2, "bbox": [0, 92, 130, 237], "mask_file": "frame_0012_track_2.npy", "score": 0.9988539218902588}, {"track_id": 3, "bbox": [82, 76, 189, 145], "mask_file": "frame_0012_track_3.npy", "score": 0.982886791229248}], "13": [{"track_id": 1, "bbox": [49, 52, 426, 194], "mask_file": "frame_0013_track_1.npy", "score": 0.9951897859573364}, {"track_id": 2, "bbox": [0, 85, 132, 231], "mask_file": "frame_0013_track_2.npy", "score": 1.0006059408187866}, {"track_id": 3, "bbox": [85, 71, 186, 142], "mask_file": "frame_0013_track_3.npy", "score": 0.9504033327102661}], "14": [{"track_id": 1, "bbox": [56, 46, 426, 187], "mask_file": "frame_0014_track_1.npy", "score": 0.9993990659713745}, {"track_id": 2, "bbox": [0, 82, 132, 225], "mask_file": "frame_0014_track_2.npy", "score": 1.0012882947921753}, {"track_id": 3, "bbox": [118, 67, 185, 131], "mask_file": "frame_0014_track_3.npy", "score": 0.9479871392250061}], "15": [{"track_id": 1, "bbox": [56, 44, 426, 180], "mask_file": "frame_0015_track_1.npy", "score": 0.9920699596405029}, {"track_id": 2, "bbox": [0, 80, 132, 224], "mask_file": "frame_0015_track_2.npy", "score": 0.9990842342376709}, {"track_id": 3, "bbox": [112, 64, 185, 127], "mask_file": "frame_0015_track_3.npy", "score": 0.9538944959640503}], "16": [{"track_id": 1, "bbox": [72, 46, 426, 179], "mask_file": "frame_0016_track_1.npy", "score": 0.9964556694030762}, {"track_id": 2, "bbox": [0, 80, 130, 225], "mask_file": "frame_0016_track_2.npy", "score": 0.9984427690505981}, {"track_id": 3, "bbox": [105, 63, 183, 131], "mask_file": "frame_0016_track_3.npy", "score": 0.9675037860870361}], "17": [{"track_id": 1, "bbox": [69, 44, 426, 176], "mask_file": "frame_0017_track_1.npy", "score": 0.9900858402252197}, {"track_id": 2, "bbox": [0, 78, 122, 225], "mask_file": "frame_0017_track_2.npy", "score": 0.9985009431838989}, {"track_id": 3, "bbox": [103, 62, 180, 142], "mask_file": "frame_0017_track_3.npy", "score": 0.9543963670730591}], "18": [{"track_id": 1, "bbox": [68, 44, 426, 176], "mask_file": "frame_0018_track_1.npy", "score": 0.9942309856414795}, {"track_id": 2, "bbox": [0, 77, 119, 226], "mask_file": "frame_0018_track_2.npy", "score": 0.9992870092391968}, {"track_id": 3, "bbox": [102, 62, 179, 142], "mask_file": "frame_0018_track_3.npy", "score": 0.9665510654449463}], "19": [{"track_id": 1, "bbox": [72, 45, 426, 173], "mask_file": "frame_0019_track_1.npy", "score": 0.9986110925674438}, {"track_id": 2, "bbox": [0, 73, 114, 228], "mask_file": "frame_0019_track_2.npy", "score": 1.0004587173461914}, {"track_id": 3, "bbox": [98, 62, 178, 136], "mask_file": "frame_0019_track_3.npy", "score": 0.9702944755554199}], "20": [{"track_id": 1, "bbox": [76, 48, 426, 173], "mask_file": "frame_0020_track_1.npy", "score": 1.0046226978302002}, {"track_id": 2, "bbox": [0, 69, 110, 228], "mask_file": "frame_0020_track_2.npy", "score": 1.0044969320297241}, {"track_id": 3, "bbox": [99, 61, 178, 134], "mask_file": "frame_0020_track_3.npy", "score": 0.9701776504516602}], "21": [{"track_id": 1, "bbox": [77, 48, 426, 173], "mask_file": "frame_0021_track_1.npy", "score": 1.0069862604141235}, {"track_id": 2, "bbox": [0, 68, 106, 229], "mask_file": "frame_0021_track_2.npy", "score": 1.0040448904037476}, {"track_id": 3, "bbox": [91, 61, 177, 131], "mask_file": "frame_0021_track_3.npy", "score": 0.9738322496414185}], "22": [{"track_id": 1, "bbox": [78, 50, 426, 172], "mask_file": "frame_0022_track_1.npy", "score": 0.9885752201080322}, {"track_id": 2, "bbox": [0, 65, 101, 224], "mask_file": "frame_0022_track_2.npy", "score": 1.002763032913208}, {"track_id": 3, "bbox": [78, 60, 176, 124], "mask_file": "frame_0022_track_3.npy", "score": 0.9811455011367798}], "23": [{"track_id": 1, "bbox": [76, 50, 426, 172], "mask_file": "frame_0023_track_1.npy", "score": 0.9965697526931763}, {"track_id": 2, "bbox": [0, 64, 98, 217], "mask_file": "frame_0023_track_2.npy", "score": 1.0013760328292847}, {"track_id": 3, "bbox": [75, 58, 174, 119], "mask_file": "frame_0023_track_3.npy", "score": 0.9868048429489136}], "24": [{"track_id": 1, "bbox": [84, 49, 426, 166], "mask_file": "frame_0024_track_1.npy", "score": 0.9962499141693115}, {"track_id": 2, "bbox": [0, 49, 99, 216], "mask_file": "frame_0024_track_2.npy", "score": 0.9814238548278809}, {"track_id": 3, "bbox": [83, 52, 174, 103], "mask_file": "frame_0024_track_3.npy", "score": 0.9721776247024536}], "25": [{"track_id": 1, "bbox": [89, 43, 426, 159], "mask_file": "frame_0025_track_1.npy", "score": 0.9863919019699097}, {"track_id": 2, "bbox": [0, 37, 99, 203], "mask_file": "frame_0025_track_2.npy", "score": 0.9898908138275146}, {"track_id": 3, "bbox": [86, 44, 172, 102], "mask_file": "frame_0025_track_3.npy", "score": 0.8888230323791504}], "26": [{"track_id": 1, "bbox": [91, 32, 426, 120], "mask_file": "frame_0026_track_1.npy", "score": 0.9313027858734131}, {"track_id": 2, "bbox": [0, 22, 98, 190], "mask_file": "frame_0026_track_2.npy", "score": 0.9391994476318359}, {"track_id": 3, "bbox": [85, 36, 171, 101], "mask_file": "frame_0026_track_3.npy", "score": 0.9046971797943115}], "27": [{"track_id": 1, "bbox": [86, 15, 426, 98], "mask_file": "frame_0027_track_1.npy", "score": 0.793359637260437}, {"track_id": 2, "bbox": [0, 7, 91, 131], "mask_file": "frame_0027_track_2.npy", "score": 0.9341002106666565}, {"track_id": 3, "bbox": [145, 72, 309, 140], "mask_file": "frame_0027_track_3.npy", "score": 0.9733824729919434}], "28": [{"track_id": 1, "bbox": [104, 0, 426, 67], "mask_file": "frame_0028_track_1.npy", "score": 0.8629069328308105}, {"track_id": 2, "bbox": [0, 0, 77, 127], "mask_file": "frame_0028_track_2.npy", "score": 0.981421709060669}, {"track_id": 3, "bbox": [144, 70, 308, 139], "mask_file": "frame_0028_track_3.npy", "score": 0.9782556295394897}], "29": [{"track_id": 1, "bbox": [101, 0, 426, 48], "mask_file": "frame_0029_track_1.npy", "score": 0.9725635051727295}, {"track_id": 2, "bbox": [0, 0, 67, 77], "mask_file": "frame_0029_track_2.npy", "score": 0.952266275882721}, {"track_id": 3, "bbox": [145, 69, 309, 138], "mask_file": "frame_0029_track_3.npy", "score": 0.9823448657989502}], "30": [{"track_id": 1, "bbox": [96, 0, 426, 50], "mask_file": "frame_0030_track_1.npy", "score": 0.9958620071411133}, {"track_id": 2, "bbox": [0, 0, 54, 33], "mask_file": "frame_0030_track_2.npy", "score": 0.960409939289093}, {"track_id": 3, "bbox": [147, 70, 311, 140], "mask_file": "frame_0030_track_3.npy", "score": 0.9834716320037842}], "31": [{"track_id": 1, "bbox": [187, 0, 426, 49], "mask_file": "frame_0031_track_1.npy", "score": 0.9824310541152954}, {"track_id": 2, "bbox": [0, 0, 42, 26], "mask_file": "frame_0031_track_2.npy", "score": 0.9891338348388672}, {"track_id": 3, "bbox": [149, 72, 313, 142], "mask_file": "frame_0031_track_3.npy", "score": 0.9889150857925415}], "32": [{"track_id": 1, "bbox": [179, 0, 426, 52], "mask_file": "frame_0032_track_1.npy", "score": 0.993941068649292}, {"track_id": 2, "bbox": [0, 0, 48, 28], "mask_file": "frame_0032_track_2.npy", "score": 0.9079903364181519}, {"track_id": 3, "bbox": [152, 74, 314, 146], "mask_file": "frame_0032_track_3.npy", "score": 0.9935580492019653}], "33": [{"track_id": 1, "bbox": [170, 0, 426, 53], "mask_file": "frame_0033_track_1.npy", "score": 1.0014407634735107}, {"track_id": 2, "bbox": [0, 0, 48, 31], "mask_file": "frame_0033_track_2.npy", "score": 0.9662792682647705}, {"track_id": 3, "bbox": [152, 76, 315, 148], "mask_file": "frame_0033_track_3.npy", "score": 0.993722677230835}], "34": [{"track_id": 1, "bbox": [159, 0, 426, 56], "mask_file": "frame_0034_track_1.npy", "score": 0.9965487718582153}, {"track_id": 2, "bbox": [0, 0, 47, 34], "mask_file": "frame_0034_track_2.npy", "score": 0.9718259572982788}, {"track_id": 3, "bbox": [154, 80, 314, 151], "mask_file": "frame_0034_track_3.npy", "score": 0.9928690195083618}], "35": [{"track_id": 1, "bbox": [147, 0, 426, 58], "mask_file": "frame_0035_track_1.npy", "score": 0.9924248456954956}, {"track_id": 2, "bbox": [0, 0, 48, 35], "mask_file": "frame_0035_track_2.npy", "score": 0.9410135746002197}, {"track_id": 3, "bbox": [155, 81, 314, 152], "mask_file": "frame_0035_track_3.npy", "score": 0.9913835525512695}], "36": [{"track_id": 1, "bbox": [138, 0, 426, 60], "mask_file": "frame_0036_track_1.npy", "score": 0.9916086196899414}, {"track_id": 2, "bbox": [0, 0, 44, 40], "mask_file": "frame_0036_track_2.npy", "score": 0.981518030166626}, {"track_id": 3, "bbox": [157, 82, 314, 153], "mask_file": "frame_0036_track_3.npy", "score": 0.9918453693389893}], "37": [{"track_id": 1, "bbox": [125, 0, 426, 61], "mask_file": "frame_0037_track_1.npy", "score": 0.9803203344345093}, {"track_id": 2, "bbox": [0, 13, 50, 41], "mask_file": "frame_0037_track_2.npy", "score": 0.9022886157035828}, {"track_id": 3, "bbox": [159, 83, 317, 154], "mask_file": "frame_0037_track_3.npy", "score": 0.9928737878799438}], "38": [{"track_id": 1, "bbox": [111, 0, 426, 63], "mask_file": "frame_0038_track_1.npy", "score": 0.9766596555709839}, {"track_id": 2, "bbox": [0, 16, 48, 42], "mask_file": "frame_0038_track_2.npy", "score": 0.8823606967926025}, {"track_id": 3, "bbox": [163, 86, 320, 157], "mask_file": "frame_0038_track_3.npy", "score": 0.9953720569610596}], "39": [{"track_id": 1, "bbox": [98, 0, 426, 66], "mask_file": "frame_0039_track_1.npy", "score": 0.9916315078735352}, {"track_id": 2, "bbox": [0, 19, 51, 44], "mask_file": "frame_0039_track_2.npy", "score": 0.845931887626648}, {"track_id": 3, "bbox": [165, 89, 322, 159], "mask_file": "frame_0039_track_3.npy", "score": 0.9914743900299072}], "40": [{"track_id": 1, "bbox": [90, 0, 426, 70], "mask_file": "frame_0040_track_1.npy", "score": 0.988937497138977}, {"track_id": 2, "bbox": [0, 22, 54, 48], "mask_file": "frame_0040_track_2.npy", "score": 0.8090249300003052}, {"track_id": 3, "bbox": [168, 92, 323, 163], "mask_file": "frame_0040_track_3.npy", "score": 0.9928008317947388}], "41": [{"track_id": 1, "bbox": [84, 2, 426, 72], "mask_file": "frame_0041_track_1.npy", "score": 0.9865916967391968}, {"track_id": 2, "bbox": [0, 24, 59, 50], "mask_file": "frame_0041_track_2.npy", "score": 0.827222466468811}, {"track_id": 3, "bbox": [170, 95, 324, 165], "mask_file": "frame_0041_track_3.npy", "score": 0.9923528432846069}], "42": [{"track_id": 1, "bbox": [77, 4, 426, 73], "mask_file": "frame_0042_track_1.npy", "score": 0.9822622537612915}, {"track_id": 2, "bbox": [0, 25, 59, 52], "mask_file": "frame_0042_track_2.npy", "score": 0.8595457077026367}, {"track_id": 3, "bbox": [169, 96, 324, 166], "mask_file": "frame_0042_track_3.npy", "score": 0.9886116981506348}], "43": [{"track_id": 1, "bbox": [67, 3, 426, 75], "mask_file": "frame_0043_track_1.npy", "score": 0.9761052131652832}, {"track_id": 2, "bbox": [0, 25, 59, 55], "mask_file": "frame_0043_track_2.npy", "score": 0.885871410369873}, {"track_id": 3, "bbox": [170, 96, 325, 166], "mask_file": "frame_0043_track_3.npy", "score": 0.987688422203064}], "44": [{"track_id": 1, "bbox": [60, 4, 426, 75], "mask_file": "frame_0044_track_1.npy", "score": 0.9757752418518066}, {"track_id": 2, "bbox": [0, 26, 60, 56], "mask_file": "frame_0044_track_2.npy", "score": 0.9042459726333618}, {"track_id": 3, "bbox": [172, 96, 326, 166], "mask_file": "frame_0044_track_3.npy", "score": 0.9898297786712646}], "45": [{"track_id": 1, "bbox": [45, 2, 426, 75], "mask_file": "frame_0045_track_1.npy", "score": 0.974460244178772}, {"track_id": 2, "bbox": [0, 26, 59, 57], "mask_file": "frame_0045_track_2.npy", "score": 0.8961741924285889}, {"track_id": 3, "bbox": [174, 95, 329, 166], "mask_file": "frame_0045_track_3.npy", "score": 0.9901633262634277}], "46": [{"track_id": 1, "bbox": [38, 5, 426, 75], "mask_file": "frame_0046_track_1.npy", "score": 0.9793553352355957}, {"track_id": 2, "bbox": [0, 27, 60, 58], "mask_file": "frame_0046_track_2.npy", "score": 0.9018406867980957}, {"track_id": 3, "bbox": [176, 96, 330, 166], "mask_file": "frame_0046_track_3.npy", "score": 0.9897153377532959}], "47": [{"track_id": 1, "bbox": [38, 5, 426, 75], "mask_file": "frame_0047_track_1.npy", "score": 0.9836388826370239}, {"track_id": 2, "bbox": [0, 27, 62, 60], "mask_file": "frame_0047_track_2.npy", "score": 0.9173423051834106}, {"track_id": 3, "bbox": [178, 95, 332, 166], "mask_file": "frame_0047_track_3.npy", "score": 0.9912209510803223}], "48": [{"track_id": 1, "bbox": [39, 4, 426, 75], "mask_file": "frame_0048_track_1.npy", "score": 0.9839872121810913}, {"track_id": 2, "bbox": [0, 26, 63, 61], "mask_file": "frame_0048_track_2.npy", "score": 0.924647331237793}, {"track_id": 3, "bbox": [178, 95, 332, 165], "mask_file": "frame_0048_track_3.npy", "score": 0.9909460544586182}], "49": [{"track_id": 1, "bbox": [38, 5, 426, 75], "mask_file": "frame_0049_track_1.npy", "score": 0.9831777811050415}, {"track_id": 2, "bbox": [0, 24, 64, 61], "mask_file": "frame_0049_track_2.npy", "score": 0.9206996560096741}, {"track_id": 3, "bbox": [177, 95, 331, 165], "mask_file": "frame_0049_track_3.npy", "score": 0.9910783767700195}], "50": [{"track_id": 1, "bbox": [35, 4, 426, 74], "mask_file": "frame_0050_track_1.npy", "score": 0.9834088087081909}, {"track_id": 2, "bbox": [0, 24, 67, 67], "mask_file": "frame_0050_track_2.npy", "score": 0.8201637864112854}, {"track_id": 3, "bbox": [173, 93, 327, 164], "mask_file": "frame_0050_track_3.npy", "score": 0.9892804622650146}], "51": [{"track_id": 1, "bbox": [32, 4, 426, 73], "mask_file": "frame_0051_track_1.npy", "score": 0.9918818473815918}, {"track_id": 2, "bbox": [0, 24, 66, 68], "mask_file": "frame_0051_track_2.npy", "score": 0.8900628685951233}, {"track_id": 3, "bbox": [172, 93, 326, 164], "mask_file": "frame_0051_track_3.npy", "score": 0.9886664152145386}]}