{"0": [{"track_id": 1, "bbox": [158, 91, 208, 154], "mask_file": "frame_0000_track_1.npy", "score": 0.9854366183280945}, {"track_id": 2, "bbox": [93, 94, 175, 181], "mask_file": "frame_0000_track_2.npy", "score": 0.8572601079940796}, {"track_id": 3, "bbox": [0, 114, 139, 239], "mask_file": "frame_0000_track_3.npy", "score": 0.9634698629379272}], "1": [{"track_id": 1, "bbox": [156, 91, 206, 154], "mask_file": "frame_0001_track_1.npy", "score": 0.9987955093383789}, {"track_id": 2, "bbox": [90, 94, 163, 182], "mask_file": "frame_0001_track_2.npy", "score": 0.9435572624206543}, {"track_id": 3, "bbox": [0, 98, 137, 239], "mask_file": "frame_0001_track_3.npy", "score": 0.9694300889968872}], "2": [{"track_id": 1, "bbox": [155, 92, 205, 154], "mask_file": "frame_0002_track_1.npy", "score": 1.0020462274551392}, {"track_id": 2, "bbox": [84, 95, 153, 183], "mask_file": "frame_0002_track_2.npy", "score": 0.9762289524078369}, {"track_id": 3, "bbox": [0, 74, 139, 239], "mask_file": "frame_0002_track_3.npy", "score": 0.9731082916259766}], "3": [{"track_id": 1, "bbox": [153, 93, 203, 155], "mask_file": "frame_0003_track_1.npy", "score": 1.0040512084960938}, {"track_id": 2, "bbox": [82, 96, 150, 184], "mask_file": "frame_0003_track_2.npy", "score": 0.9818841218948364}, {"track_id": 3, "bbox": [0, 72, 136, 239], "mask_file": "frame_0003_track_3.npy", "score": 0.9726448059082031}], "4": [{"track_id": 1, "bbox": [153, 94, 201, 155], "mask_file": "frame_0004_track_1.npy", "score": 1.007095456123352}, {"track_id": 2, "bbox": [82, 96, 150, 184], "mask_file": "frame_0004_track_2.npy", "score": 0.9761106967926025}, {"track_id": 3, "bbox": [0, 179, 133, 239], "mask_file": "frame_0004_track_3.npy", "score": 0.9633647203445435}], "5": [{"track_id": 1, "bbox": [154, 94, 202, 155], "mask_file": "frame_0005_track_1.npy", "score": 1.0068533420562744}, {"track_id": 2, "bbox": [80, 96, 151, 183], "mask_file": "frame_0005_track_2.npy", "score": 0.9808381795883179}, {"track_id": 3, "bbox": [0, 166, 145, 239], "mask_file": "frame_0005_track_3.npy", "score": 0.955803632736206}], "6": [{"track_id": 1, "bbox": [154, 94, 203, 155], "mask_file": "frame_0006_track_1.npy", "score": 1.0055837631225586}, {"track_id": 2, "bbox": [77, 97, 151, 183], "mask_file": "frame_0006_track_2.npy", "score": 0.9752652645111084}, {"track_id": 3, "bbox": [0, 154, 154, 239], "mask_file": "frame_0006_track_3.npy", "score": 0.9734656810760498}], "7": [{"track_id": 1, "bbox": [157, 93, 204, 154], "mask_file": "frame_0007_track_1.npy", "score": 1.0047883987426758}, {"track_id": 2, "bbox": [93, 96, 153, 153], "mask_file": "frame_0007_track_2.npy", "score": 0.9332976341247559}, {"track_id": 3, "bbox": [0, 163, 104, 239], "mask_file": "frame_0007_track_3.npy", "score": 0.9536439776420593}], "8": [{"track_id": 1, "bbox": [159, 93, 206, 154], "mask_file": "frame_0008_track_1.npy", "score": 0.9992091655731201}, {"track_id": 2, "bbox": [95, 95, 154, 138], "mask_file": "frame_0008_track_2.npy", "score": 0.9713551998138428}, {"track_id": 3, "bbox": [0, 154, 115, 239], "mask_file": "frame_0008_track_3.npy", "score": 0.988821268081665}], "9": [{"track_id": 1, "bbox": [161, 93, 209, 154], "mask_file": "frame_0009_track_1.npy", "score": 0.9956108331680298}, {"track_id": 2, "bbox": [85, 97, 198, 217], "mask_file": "frame_0009_track_2.npy", "score": 0.9958159923553467}, {"track_id": 3, "bbox": [0, 126, 142, 239], "mask_file": "frame_0009_track_3.npy", "score": 0.9851127862930298}], "10": [{"track_id": 1, "bbox": [164, 92, 210, 154], "mask_file": "frame_0010_track_1.npy", "score": 0.9922956228256226}, {"track_id": 2, "bbox": [94, 93, 200, 209], "mask_file": "frame_0010_track_2.npy", "score": 1.010422945022583}, {"track_id": 3, "bbox": [0, 119, 148, 239], "mask_file": "frame_0010_track_3.npy", "score": 0.9922482967376709}], "11": [{"track_id": 1, "bbox": [169, 92, 209, 154], "mask_file": "frame_0011_track_1.npy", "score": 0.9850579500198364}, {"track_id": 2, "bbox": [102, 95, 203, 206], "mask_file": "frame_0011_track_2.npy", "score": 1.010443925857544}, {"track_id": 3, "bbox": [0, 119, 153, 239], "mask_file": "frame_0011_track_3.npy", "score": 0.999931812286377}], "12": [{"track_id": 1, "bbox": [158, 92, 207, 153], "mask_file": "frame_0012_track_1.npy", "score": 0.9725073575973511}, {"track_id": 2, "bbox": [106, 97, 205, 205], "mask_file": "frame_0012_track_2.npy", "score": 1.008642315864563}, {"track_id": 3, "bbox": [0, 120, 156, 239], "mask_file": "frame_0012_track_3.npy", "score": 1.0002166032791138}], "13": [{"track_id": 1, "bbox": [157, 91, 205, 133], "mask_file": "frame_0013_track_1.npy", "score": 0.9730945229530334}, {"track_id": 2, "bbox": [113, 102, 207, 204], "mask_file": "frame_0013_track_2.npy", "score": 1.0066659450531006}, {"track_id": 3, "bbox": [0, 121, 161, 239], "mask_file": "frame_0013_track_3.npy", "score": 0.9995394945144653}], "14": [{"track_id": 1, "bbox": [157, 91, 205, 133], "mask_file": "frame_0014_track_1.npy", "score": 0.9936578273773193}, {"track_id": 2, "bbox": [118, 105, 210, 203], "mask_file": "frame_0014_track_2.npy", "score": 1.0066829919815063}, {"track_id": 3, "bbox": [0, 122, 164, 239], "mask_file": "frame_0014_track_3.npy", "score": 1.00041925907135}], "15": [{"track_id": 1, "bbox": [157, 90, 205, 136], "mask_file": "frame_0015_track_1.npy", "score": 0.9923434257507324}, {"track_id": 2, "bbox": [121, 109, 208, 200], "mask_file": "frame_0015_track_2.npy", "score": 1.0034972429275513}, {"track_id": 3, "bbox": [0, 125, 165, 239], "mask_file": "frame_0015_track_3.npy", "score": 1.0001260042190552}], "16": [{"track_id": 1, "bbox": [158, 90, 207, 140], "mask_file": "frame_0016_track_1.npy", "score": 0.99267578125}, {"track_id": 2, "bbox": [124, 112, 208, 200], "mask_file": "frame_0016_track_2.npy", "score": 1.0009630918502808}, {"track_id": 3, "bbox": [0, 127, 166, 239], "mask_file": "frame_0016_track_3.npy", "score": 1.0004651546478271}], "17": [{"track_id": 1, "bbox": [156, 89, 207, 149], "mask_file": "frame_0017_track_1.npy", "score": 0.9842357635498047}, {"track_id": 2, "bbox": [122, 113, 203, 196], "mask_file": "frame_0017_track_2.npy", "score": 0.9882662296295166}, {"track_id": 3, "bbox": [0, 128, 162, 239], "mask_file": "frame_0017_track_3.npy", "score": 0.9989848136901855}], "18": [{"track_id": 1, "bbox": [156, 88, 209, 154], "mask_file": "frame_0018_track_1.npy", "score": 0.9778406620025635}, {"track_id": 2, "bbox": [122, 112, 202, 190], "mask_file": "frame_0018_track_2.npy", "score": 0.9925391674041748}, {"track_id": 3, "bbox": [0, 126, 162, 239], "mask_file": "frame_0018_track_3.npy", "score": 1.0014625787734985}], "19": [{"track_id": 1, "bbox": [156, 86, 209, 151], "mask_file": "frame_0019_track_1.npy", "score": 0.9864475727081299}, {"track_id": 2, "bbox": [123, 106, 203, 182], "mask_file": "frame_0019_track_2.npy", "score": 1.001882553100586}, {"track_id": 3, "bbox": [0, 120, 162, 239], "mask_file": "frame_0019_track_3.npy", "score": 1.0007078647613525}], "20": [{"track_id": 1, "bbox": [156, 85, 209, 150], "mask_file": "frame_0020_track_1.npy", "score": 0.9904767274856567}, {"track_id": 2, "bbox": [125, 102, 203, 177], "mask_file": "frame_0020_track_2.npy", "score": 0.9997724294662476}, {"track_id": 3, "bbox": [0, 116, 163, 239], "mask_file": "frame_0020_track_3.npy", "score": 1.0002785921096802}], "21": [{"track_id": 1, "bbox": [154, 85, 205, 121], "mask_file": "frame_0021_track_1.npy", "score": 0.9758377075195312}, {"track_id": 2, "bbox": [129, 99, 208, 177], "mask_file": "frame_0021_track_2.npy", "score": 0.9973549842834473}, {"track_id": 3, "bbox": [0, 114, 167, 239], "mask_file": "frame_0021_track_3.npy", "score": 1.0022141933441162}], "22": [{"track_id": 1, "bbox": [155, 85, 205, 120], "mask_file": "frame_0022_track_1.npy", "score": 0.9940091371536255}, {"track_id": 2, "bbox": [134, 100, 213, 179], "mask_file": "frame_0022_track_2.npy", "score": 0.9980920553207397}, {"track_id": 3, "bbox": [0, 116, 172, 239], "mask_file": "frame_0022_track_3.npy", "score": 1.0043359994888306}], "23": [{"track_id": 1, "bbox": [152, 86, 204, 123], "mask_file": "frame_0023_track_1.npy", "score": 0.991318941116333}, {"track_id": 2, "bbox": [137, 101, 215, 183], "mask_file": "frame_0023_track_2.npy", "score": 1.0004061460494995}, {"track_id": 3, "bbox": [0, 120, 175, 239], "mask_file": "frame_0023_track_3.npy", "score": 1.0049657821655273}], "24": [{"track_id": 1, "bbox": [152, 87, 203, 131], "mask_file": "frame_0024_track_1.npy", "score": 0.9814352989196777}, {"track_id": 2, "bbox": [144, 107, 220, 187], "mask_file": "frame_0024_track_2.npy", "score": 0.9966856241226196}, {"track_id": 3, "bbox": [0, 122, 180, 239], "mask_file": "frame_0024_track_3.npy", "score": 1.002496361732483}], "25": [{"track_id": 1, "bbox": [151, 86, 203, 135], "mask_file": "frame_0025_track_1.npy", "score": 0.9986412525177002}, {"track_id": 2, "bbox": [150, 109, 224, 192], "mask_file": "frame_0025_track_2.npy", "score": 0.998017430305481}, {"track_id": 3, "bbox": [0, 125, 186, 239], "mask_file": "frame_0025_track_3.npy", "score": 0.9994016885757446}], "26": [{"track_id": 1, "bbox": [150, 84, 203, 130], "mask_file": "frame_0026_track_1.npy", "score": 0.9907394647598267}, {"track_id": 2, "bbox": [146, 104, 218, 188], "mask_file": "frame_0026_track_2.npy", "score": 0.994432806968689}, {"track_id": 3, "bbox": [0, 122, 182, 239], "mask_file": "frame_0026_track_3.npy", "score": 0.9991918206214905}], "27": [{"track_id": 1, "bbox": [149, 81, 202, 125], "mask_file": "frame_0027_track_1.npy", "score": 0.9886702299118042}, {"track_id": 2, "bbox": [135, 102, 209, 184], "mask_file": "frame_0027_track_2.npy", "score": 0.9928886890411377}, {"track_id": 3, "bbox": [0, 120, 171, 239], "mask_file": "frame_0027_track_3.npy", "score": 0.9998385310173035}], "28": [{"track_id": 1, "bbox": [149, 80, 203, 124], "mask_file": "frame_0028_track_1.npy", "score": 0.9909701347351074}, {"track_id": 2, "bbox": [144, 102, 214, 185], "mask_file": "frame_0028_track_2.npy", "score": 0.9953867197036743}, {"track_id": 3, "bbox": [0, 120, 178, 239], "mask_file": "frame_0028_track_3.npy", "score": 0.9999067187309265}], "29": [{"track_id": 1, "bbox": [151, 81, 205, 122], "mask_file": "frame_0029_track_1.npy", "score": 0.9874570369720459}, {"track_id": 2, "bbox": [146, 102, 215, 178], "mask_file": "frame_0029_track_2.npy", "score": 0.9988882541656494}, {"track_id": 3, "bbox": [0, 116, 179, 239], "mask_file": "frame_0029_track_3.npy", "score": 1.0008668899536133}], "30": [{"track_id": 1, "bbox": [154, 82, 208, 123], "mask_file": "frame_0030_track_1.npy", "score": 0.9856257438659668}, {"track_id": 2, "bbox": [148, 103, 216, 180], "mask_file": "frame_0030_track_2.npy", "score": 0.996679425239563}, {"track_id": 3, "bbox": [0, 118, 181, 239], "mask_file": "frame_0030_track_3.npy", "score": 1.0028365850448608}], "31": [{"track_id": 1, "bbox": [150, 80, 203, 119], "mask_file": "frame_0031_track_1.npy", "score": 0.9935469627380371}, {"track_id": 2, "bbox": [142, 102, 211, 172], "mask_file": "frame_0031_track_2.npy", "score": 1.000981330871582}, {"track_id": 3, "bbox": [0, 110, 175, 239], "mask_file": "frame_0031_track_3.npy", "score": 1.0028096437454224}], "32": [{"track_id": 1, "bbox": [144, 79, 200, 117], "mask_file": "frame_0032_track_1.npy", "score": 0.9947075843811035}, {"track_id": 2, "bbox": [137, 101, 207, 170], "mask_file": "frame_0032_track_2.npy", "score": 0.9996343851089478}, {"track_id": 3, "bbox": [0, 104, 172, 239], "mask_file": "frame_0032_track_3.npy", "score": 1.0039572715759277}], "33": [{"track_id": 1, "bbox": [148, 77, 203, 115], "mask_file": "frame_0033_track_1.npy", "score": 0.9925107955932617}, {"track_id": 2, "bbox": [140, 99, 211, 169], "mask_file": "frame_0033_track_2.npy", "score": 0.9995381832122803}, {"track_id": 3, "bbox": [0, 103, 175, 239], "mask_file": "frame_0033_track_3.npy", "score": 1.000616192817688}], "34": [{"track_id": 1, "bbox": [149, 76, 206, 114], "mask_file": "frame_0034_track_1.npy", "score": 0.99576735496521}, {"track_id": 2, "bbox": [142, 98, 213, 169], "mask_file": "frame_0034_track_2.npy", "score": 1.000205159187317}, {"track_id": 3, "bbox": [0, 102, 177, 239], "mask_file": "frame_0034_track_3.npy", "score": 0.998643696308136}], "35": [{"track_id": 1, "bbox": [154, 77, 211, 116], "mask_file": "frame_0035_track_1.npy", "score": 0.9955935478210449}, {"track_id": 2, "bbox": [145, 100, 218, 174], "mask_file": "frame_0035_track_2.npy", "score": 1.0017839670181274}, {"track_id": 3, "bbox": [0, 105, 183, 239], "mask_file": "frame_0035_track_3.npy", "score": 1.0049184560775757}], "36": [{"track_id": 1, "bbox": [156, 79, 213, 117], "mask_file": "frame_0036_track_1.npy", "score": 0.9991925954818726}, {"track_id": 2, "bbox": [147, 102, 220, 175], "mask_file": "frame_0036_track_2.npy", "score": 1.002062201499939}, {"track_id": 3, "bbox": [0, 107, 185, 239], "mask_file": "frame_0036_track_3.npy", "score": 1.00382399559021}], "37": [{"track_id": 1, "bbox": [163, 78, 218, 115], "mask_file": "frame_0037_track_1.npy", "score": 0.9973400831222534}, {"track_id": 2, "bbox": [155, 100, 227, 171], "mask_file": "frame_0037_track_2.npy", "score": 1.0000253915786743}, {"track_id": 3, "bbox": [0, 105, 191, 239], "mask_file": "frame_0037_track_3.npy", "score": 1.0020474195480347}], "38": [{"track_id": 1, "bbox": [163, 76, 218, 113], "mask_file": "frame_0038_track_1.npy", "score": 1.0020933151245117}, {"track_id": 2, "bbox": [155, 98, 226, 168], "mask_file": "frame_0038_track_2.npy", "score": 1.004207730293274}, {"track_id": 3, "bbox": [0, 101, 191, 239], "mask_file": "frame_0038_track_3.npy", "score": 1.001960039138794}], "39": [{"track_id": 1, "bbox": [163, 75, 217, 111], "mask_file": "frame_0039_track_1.npy", "score": 1.0016261339187622}, {"track_id": 2, "bbox": [149, 96, 224, 165], "mask_file": "frame_0039_track_2.npy", "score": 1.0008183717727661}, {"track_id": 3, "bbox": [0, 90, 185, 239], "mask_file": "frame_0039_track_3.npy", "score": 1.0001353025436401}], "40": [{"track_id": 1, "bbox": [164, 76, 217, 113], "mask_file": "frame_0040_track_1.npy", "score": 0.99428391456604}, {"track_id": 2, "bbox": [152, 98, 224, 165], "mask_file": "frame_0040_track_2.npy", "score": 0.9993189573287964}, {"track_id": 3, "bbox": [0, 96, 188, 239], "mask_file": "frame_0040_track_3.npy", "score": 0.9939835071563721}], "41": [{"track_id": 1, "bbox": [163, 80, 215, 118], "mask_file": "frame_0041_track_1.npy", "score": 1.0006725788116455}, {"track_id": 2, "bbox": [151, 100, 222, 167], "mask_file": "frame_0041_track_2.npy", "score": 0.9948182106018066}, {"track_id": 3, "bbox": [0, 142, 111, 239], "mask_file": "frame_0041_track_3.npy", "score": 0.9383811950683594}], "42": [{"track_id": 1, "bbox": [165, 81, 216, 119], "mask_file": "frame_0042_track_1.npy", "score": 1.0016194581985474}, {"track_id": 2, "bbox": [153, 101, 223, 167], "mask_file": "frame_0042_track_2.npy", "score": 0.9950928688049316}, {"track_id": 3, "bbox": [0, 122, 115, 239], "mask_file": "frame_0042_track_3.npy", "score": 0.9256534576416016}], "43": [{"track_id": 1, "bbox": [165, 82, 216, 119], "mask_file": "frame_0043_track_1.npy", "score": 1.0022000074386597}, {"track_id": 2, "bbox": [154, 102, 223, 166], "mask_file": "frame_0043_track_2.npy", "score": 0.9937025308609009}, {"track_id": 3, "bbox": [0, 78, 131, 239], "mask_file": "frame_0043_track_3.npy", "score": 0.9616107940673828}], "44": [{"track_id": 1, "bbox": [165, 82, 216, 119], "mask_file": "frame_0044_track_1.npy", "score": 1.0017001628875732}, {"track_id": 2, "bbox": [154, 102, 223, 166], "mask_file": "frame_0044_track_2.npy", "score": 0.9923069477081299}, {"track_id": 3, "bbox": [0, 66, 133, 239], "mask_file": "frame_0044_track_3.npy", "score": 0.9965121746063232}], "45": [{"track_id": 1, "bbox": [163, 83, 214, 121], "mask_file": "frame_0045_track_1.npy", "score": 1.0003547668457031}, {"track_id": 2, "bbox": [151, 103, 221, 168], "mask_file": "frame_0045_track_2.npy", "score": 0.9930741786956787}, {"track_id": 3, "bbox": [0, 67, 128, 239], "mask_file": "frame_0045_track_3.npy", "score": 0.9882986545562744}], "46": [{"track_id": 1, "bbox": [161, 85, 213, 123], "mask_file": "frame_0046_track_1.npy", "score": 1.001325011253357}, {"track_id": 2, "bbox": [149, 106, 220, 171], "mask_file": "frame_0046_track_2.npy", "score": 0.9933537244796753}, {"track_id": 3, "bbox": [0, 71, 127, 239], "mask_file": "frame_0046_track_3.npy", "score": 0.9942059516906738}], "47": [{"track_id": 1, "bbox": [162, 87, 213, 126], "mask_file": "frame_0047_track_1.npy", "score": 0.9979631900787354}, {"track_id": 2, "bbox": [150, 108, 221, 174], "mask_file": "frame_0047_track_2.npy", "score": 0.996012806892395}, {"track_id": 3, "bbox": [0, 73, 129, 239], "mask_file": "frame_0047_track_3.npy", "score": 0.9878792762756348}], "48": [{"track_id": 1, "bbox": [164, 88, 215, 126], "mask_file": "frame_0048_track_1.npy", "score": 0.9966707229614258}, {"track_id": 2, "bbox": [154, 108, 223, 174], "mask_file": "frame_0048_track_2.npy", "score": 0.9941200017929077}, {"track_id": 3, "bbox": [0, 74, 131, 239], "mask_file": "frame_0048_track_3.npy", "score": 0.9905266761779785}], "49": [{"track_id": 1, "bbox": [162, 85, 214, 123], "mask_file": "frame_0049_track_1.npy", "score": 0.9984850883483887}, {"track_id": 2, "bbox": [151, 106, 222, 171], "mask_file": "frame_0049_track_2.npy", "score": 0.9934594631195068}, {"track_id": 3, "bbox": [0, 78, 128, 239], "mask_file": "frame_0049_track_3.npy", "score": 0.9914517402648926}]}