{"0": [{"track_id": 1, "bbox": [180, 100, 221, 160], "mask_file": "frame_0000_track_1.npy", "score": 0.9899656772613525}, {"track_id": 2, "bbox": [0, 0, 192, 237], "mask_file": "frame_0000_track_2.npy", "score": 0.9468529224395752}], "1": [{"track_id": 1, "bbox": [183, 94, 224, 154], "mask_file": "frame_0001_track_1.npy", "score": 0.9939969778060913}, {"track_id": 2, "bbox": [0, 0, 200, 239], "mask_file": "frame_0001_track_2.npy", "score": 0.9947241544723511}], "2": [{"track_id": 1, "bbox": [182, 92, 224, 152], "mask_file": "frame_0002_track_1.npy", "score": 0.9972778558731079}, {"track_id": 2, "bbox": [0, 0, 202, 239], "mask_file": "frame_0002_track_2.npy", "score": 0.9971532821655273}], "3": [{"track_id": 1, "bbox": [184, 87, 226, 147], "mask_file": "frame_0003_track_1.npy", "score": 0.9997463226318359}, {"track_id": 2, "bbox": [0, 0, 210, 239], "mask_file": "frame_0003_track_2.npy", "score": 0.9976627826690674}], "4": [{"track_id": 1, "bbox": [183, 87, 223, 147], "mask_file": "frame_0004_track_1.npy", "score": 1.0009013414382935}, {"track_id": 2, "bbox": [0, 0, 209, 239], "mask_file": "frame_0004_track_2.npy", "score": 0.9984836578369141}], "5": [{"track_id": 1, "bbox": [183, 88, 223, 148], "mask_file": "frame_0005_track_1.npy", "score": 1.0027999877929688}, {"track_id": 2, "bbox": [0, 0, 209, 239], "mask_file": "frame_0005_track_2.npy", "score": 0.9991892576217651}], "6": [{"track_id": 1, "bbox": [182, 90, 222, 149], "mask_file": "frame_0006_track_1.npy", "score": 1.0014780759811401}, {"track_id": 2, "bbox": [0, 0, 204, 239], "mask_file": "frame_0006_track_2.npy", "score": 0.9997824430465698}], "7": [{"track_id": 1, "bbox": [180, 92, 221, 152], "mask_file": "frame_0007_track_1.npy", "score": 1.002763271331787}, {"track_id": 2, "bbox": [0, 0, 205, 239], "mask_file": "frame_0007_track_2.npy", "score": 0.9995598793029785}], "8": [{"track_id": 1, "bbox": [176, 93, 218, 154], "mask_file": "frame_0008_track_1.npy", "score": 0.982571005821228}, {"track_id": 2, "bbox": [0, 0, 203, 239], "mask_file": "frame_0008_track_2.npy", "score": 1.0032777786254883}], "9": [{"track_id": 1, "bbox": [172, 109, 213, 162], "mask_file": "frame_0009_track_1.npy", "score": 0.9465209245681763}, {"track_id": 2, "bbox": [0, 0, 211, 239], "mask_file": "frame_0009_track_2.npy", "score": 0.9896540641784668}], "10": [{"track_id": 1, "bbox": [170, 136, 217, 175], "mask_file": "frame_0010_track_1.npy", "score": 0.8734331130981445}, {"track_id": 2, "bbox": [0, 0, 208, 239], "mask_file": "frame_0010_track_2.npy", "score": 1.0056161880493164}], "11": [{"track_id": 1, "bbox": [174, 140, 218, 175], "mask_file": "frame_0011_track_1.npy", "score": 0.9656804800033569}, {"track_id": 2, "bbox": [0, 0, 207, 239], "mask_file": "frame_0011_track_2.npy", "score": 1.0049293041229248}], "12": [{"track_id": 1, "bbox": [180, 142, 218, 178], "mask_file": "frame_0012_track_1.npy", "score": 0.9707329273223877}, {"track_id": 2, "bbox": [0, 0, 205, 239], "mask_file": "frame_0012_track_2.npy", "score": 1.0054230690002441}], "13": [{"track_id": 1, "bbox": [181, 144, 220, 179], "mask_file": "frame_0013_track_1.npy", "score": 0.9811352491378784}, {"track_id": 2, "bbox": [0, 0, 206, 239], "mask_file": "frame_0013_track_2.npy", "score": 1.0038484334945679}], "14": [{"track_id": 1, "bbox": [184, 141, 223, 178], "mask_file": "frame_0014_track_1.npy", "score": 0.9790964126586914}, {"track_id": 2, "bbox": [0, 0, 206, 239], "mask_file": "frame_0014_track_2.npy", "score": 1.0017127990722656}], "15": [{"track_id": 1, "bbox": [189, 140, 225, 177], "mask_file": "frame_0015_track_1.npy", "score": 0.9748049974441528}, {"track_id": 2, "bbox": [0, 0, 209, 239], "mask_file": "frame_0015_track_2.npy", "score": 1.0032117366790771}], "16": [{"track_id": 1, "bbox": [191, 139, 228, 177], "mask_file": "frame_0016_track_1.npy", "score": 0.9701497554779053}, {"track_id": 2, "bbox": [0, 0, 209, 239], "mask_file": "frame_0016_track_2.npy", "score": 1.0014405250549316}], "17": [{"track_id": 1, "bbox": [192, 142, 228, 178], "mask_file": "frame_0017_track_1.npy", "score": 0.9740434885025024}, {"track_id": 2, "bbox": [0, 0, 207, 239], "mask_file": "frame_0017_track_2.npy", "score": 1.004623293876648}], "18": [{"track_id": 1, "bbox": [195, 144, 233, 179], "mask_file": "frame_0018_track_1.npy", "score": 0.9785913228988647}, {"track_id": 2, "bbox": [0, 0, 209, 239], "mask_file": "frame_0018_track_2.npy", "score": 1.001660704612732}], "19": [{"track_id": 1, "bbox": [194, 144, 233, 178], "mask_file": "frame_0019_track_1.npy", "score": 0.9743231534957886}, {"track_id": 2, "bbox": [0, 0, 206, 239], "mask_file": "frame_0019_track_2.npy", "score": 1.0019944906234741}], "20": [{"track_id": 1, "bbox": [191, 143, 229, 177], "mask_file": "frame_0020_track_1.npy", "score": 0.978484034538269}, {"track_id": 2, "bbox": [0, 0, 202, 239], "mask_file": "frame_0020_track_2.npy", "score": 1.0060495138168335}], "21": [{"track_id": 1, "bbox": [190, 142, 230, 172], "mask_file": "frame_0021_track_1.npy", "score": 0.9766894578933716}, {"track_id": 2, "bbox": [0, 0, 196, 239], "mask_file": "frame_0021_track_2.npy", "score": 1.0002679824829102}], "22": [{"track_id": 1, "bbox": [196, 140, 234, 171], "mask_file": "frame_0022_track_1.npy", "score": 0.9563366174697876}, {"track_id": 2, "bbox": [0, 0, 197, 239], "mask_file": "frame_0022_track_2.npy", "score": 1.0044487714767456}]}