{"0": [{"track_id": 1, "bbox": [85, 106, 146, 167], "mask_file": "frame_0000_track_1.npy", "score": 0.9920605421066284}, {"track_id": 2, "bbox": [34, 125, 116, 232], "mask_file": "frame_0000_track_2.npy", "score": 0.9856559634208679}], "1": [{"track_id": 1, "bbox": [85, 106, 145, 166], "mask_file": "frame_0001_track_1.npy", "score": 1.0067152976989746}, {"track_id": 2, "bbox": [36, 123, 118, 232], "mask_file": "frame_0001_track_2.npy", "score": 0.99350905418396}], "2": [{"track_id": 1, "bbox": [85, 106, 144, 165], "mask_file": "frame_0002_track_1.npy", "score": 1.0065654516220093}, {"track_id": 2, "bbox": [36, 124, 119, 232], "mask_file": "frame_0002_track_2.npy", "score": 0.9943910837173462}], "3": [{"track_id": 1, "bbox": [87, 106, 145, 163], "mask_file": "frame_0003_track_1.npy", "score": 1.0096713304519653}, {"track_id": 2, "bbox": [42, 125, 123, 231], "mask_file": "frame_0003_track_2.npy", "score": 0.9927449226379395}], "4": [{"track_id": 1, "bbox": [91, 105, 149, 161], "mask_file": "frame_0004_track_1.npy", "score": 1.0108038187026978}, {"track_id": 2, "bbox": [48, 124, 128, 228], "mask_file": "frame_0004_track_2.npy", "score": 0.9912877082824707}], "5": [{"track_id": 1, "bbox": [96, 105, 153, 160], "mask_file": "frame_0005_track_1.npy", "score": 1.0112248659133911}, {"track_id": 2, "bbox": [54, 121, 133, 224], "mask_file": "frame_0005_track_2.npy", "score": 0.9940725564956665}], "6": [{"track_id": 1, "bbox": [101, 104, 158, 158], "mask_file": "frame_0006_track_1.npy", "score": 1.0144919157028198}, {"track_id": 2, "bbox": [59, 120, 138, 222], "mask_file": "frame_0006_track_2.npy", "score": 0.9925416707992554}], "7": [{"track_id": 1, "bbox": [107, 102, 163, 156], "mask_file": "frame_0007_track_1.npy", "score": 1.0144915580749512}, {"track_id": 2, "bbox": [65, 117, 143, 218], "mask_file": "frame_0007_track_2.npy", "score": 0.9928779602050781}], "8": [{"track_id": 1, "bbox": [111, 100, 166, 154], "mask_file": "frame_0008_track_1.npy", "score": 1.0132910013198853}, {"track_id": 2, "bbox": [71, 115, 146, 215], "mask_file": "frame_0008_track_2.npy", "score": 0.9919236898422241}], "9": [{"track_id": 1, "bbox": [115, 99, 170, 153], "mask_file": "frame_0009_track_1.npy", "score": 1.01327383518219}, {"track_id": 2, "bbox": [75, 114, 151, 214], "mask_file": "frame_0009_track_2.npy", "score": 0.9924142360687256}], "10": [{"track_id": 1, "bbox": [121, 99, 174, 152], "mask_file": "frame_0010_track_1.npy", "score": 1.006603717803955}, {"track_id": 2, "bbox": [80, 114, 156, 213], "mask_file": "frame_0010_track_2.npy", "score": 0.9909182786941528}], "11": [{"track_id": 1, "bbox": [125, 98, 178, 151], "mask_file": "frame_0011_track_1.npy", "score": 1.0081639289855957}, {"track_id": 2, "bbox": [84, 113, 159, 211], "mask_file": "frame_0011_track_2.npy", "score": 0.9934399127960205}], "12": [{"track_id": 1, "bbox": [128, 97, 181, 150], "mask_file": "frame_0012_track_1.npy", "score": 1.0106072425842285}, {"track_id": 2, "bbox": [88, 112, 163, 208], "mask_file": "frame_0012_track_2.npy", "score": 0.9960674047470093}], "13": [{"track_id": 1, "bbox": [131, 97, 183, 149], "mask_file": "frame_0013_track_1.npy", "score": 1.007819414138794}, {"track_id": 2, "bbox": [91, 111, 166, 208], "mask_file": "frame_0013_track_2.npy", "score": 0.9952265024185181}], "14": [{"track_id": 1, "bbox": [134, 96, 186, 147], "mask_file": "frame_0014_track_1.npy", "score": 1.0096467733383179}, {"track_id": 2, "bbox": [93, 110, 169, 206], "mask_file": "frame_0014_track_2.npy", "score": 0.9956660270690918}], "15": [{"track_id": 1, "bbox": [135, 95, 186, 145], "mask_file": "frame_0015_track_1.npy", "score": 1.006491780281067}, {"track_id": 2, "bbox": [94, 108, 170, 203], "mask_file": "frame_0015_track_2.npy", "score": 0.9952462911605835}], "16": [{"track_id": 1, "bbox": [133, 95, 185, 142], "mask_file": "frame_0016_track_1.npy", "score": 1.0110818147659302}, {"track_id": 2, "bbox": [95, 106, 172, 201], "mask_file": "frame_0016_track_2.npy", "score": 0.9936356544494629}], "17": [{"track_id": 1, "bbox": [130, 95, 185, 139], "mask_file": "frame_0017_track_1.npy", "score": 1.0034315586090088}, {"track_id": 2, "bbox": [99, 103, 173, 198], "mask_file": "frame_0017_track_2.npy", "score": 0.9950560331344604}], "18": [{"track_id": 1, "bbox": [128, 94, 185, 138], "mask_file": "frame_0018_track_1.npy", "score": 1.0043156147003174}, {"track_id": 2, "bbox": [98, 101, 173, 196], "mask_file": "frame_0018_track_2.npy", "score": 0.9956657886505127}], "19": [{"track_id": 1, "bbox": [129, 92, 185, 137], "mask_file": "frame_0019_track_1.npy", "score": 1.004297137260437}, {"track_id": 2, "bbox": [100, 100, 173, 196], "mask_file": "frame_0019_track_2.npy", "score": 0.995637059211731}], "20": [{"track_id": 1, "bbox": [130, 90, 184, 135], "mask_file": "frame_0020_track_1.npy", "score": 1.0067939758300781}, {"track_id": 2, "bbox": [101, 97, 172, 194], "mask_file": "frame_0020_track_2.npy", "score": 0.9960901737213135}], "21": [{"track_id": 1, "bbox": [129, 89, 183, 134], "mask_file": "frame_0021_track_1.npy", "score": 0.9981842041015625}, {"track_id": 2, "bbox": [102, 96, 171, 193], "mask_file": "frame_0021_track_2.npy", "score": 0.9980729222297668}], "22": [{"track_id": 1, "bbox": [132, 86, 184, 134], "mask_file": "frame_0022_track_1.npy", "score": 0.9999816417694092}, {"track_id": 2, "bbox": [105, 94, 173, 190], "mask_file": "frame_0022_track_2.npy", "score": 0.9961709976196289}], "23": [{"track_id": 1, "bbox": [135, 83, 183, 136], "mask_file": "frame_0023_track_1.npy", "score": 0.9950464963912964}, {"track_id": 2, "bbox": [107, 90, 172, 190], "mask_file": "frame_0023_track_2.npy", "score": 0.9966394305229187}], "24": [{"track_id": 1, "bbox": [144, 81, 162, 129], "mask_file": "frame_0024_track_1.npy", "score": 0.9625507593154907}, {"track_id": 2, "bbox": [104, 89, 167, 189], "mask_file": "frame_0024_track_2.npy", "score": 0.9938524961471558}], "25": [{"track_id": 1, "bbox": [147, 90, 162, 130], "mask_file": "frame_0025_track_1.npy", "score": 0.8810536861419678}, {"track_id": 2, "bbox": [102, 89, 166, 190], "mask_file": "frame_0025_track_2.npy", "score": 0.9927223920822144}], "26": [{"track_id": 1, "bbox": [149, 91, 164, 133], "mask_file": "frame_0026_track_1.npy", "score": 0.9683096408843994}, {"track_id": 2, "bbox": [102, 92, 168, 195], "mask_file": "frame_0026_track_2.npy", "score": 0.9920542240142822}], "27": [{"track_id": 1, "bbox": [150, 95, 165, 132], "mask_file": "frame_0027_track_1.npy", "score": 0.9728049039840698}, {"track_id": 2, "bbox": [97, 96, 168, 203], "mask_file": "frame_0027_track_2.npy", "score": 0.9910541772842407}], "28": [{"track_id": 1, "bbox": [150, 93, 166, 136], "mask_file": "frame_0028_track_1.npy", "score": 0.953964352607727}, {"track_id": 2, "bbox": [88, 101, 164, 215], "mask_file": "frame_0028_track_2.npy", "score": 0.9909307956695557}], "29": [{"track_id": 1, "bbox": [152, 93, 167, 136], "mask_file": "frame_0029_track_1.npy", "score": 0.9084669351577759}, {"track_id": 2, "bbox": [79, 110, 160, 231], "mask_file": "frame_0029_track_2.npy", "score": 0.988214373588562}], "30": [{"track_id": 1, "bbox": [152, 93, 168, 142], "mask_file": "frame_0030_track_1.npy", "score": 0.9367341995239258}, {"track_id": 2, "bbox": [65, 121, 152, 239], "mask_file": "frame_0030_track_2.npy", "score": 0.9944667816162109}], "31": [{"track_id": 1, "bbox": [152, 94, 166, 132], "mask_file": "frame_0031_track_1.npy", "score": 0.9480909109115601}, {"track_id": 2, "bbox": [64, 137, 144, 239], "mask_file": "frame_0031_track_2.npy", "score": 0.9942140579223633}]}