{"0": [{"track_id": 1, "bbox": [322, 116, 361, 198], "mask_file": "frame_0000_track_1.npy", "score": 0.9941304922103882}, {"track_id": 2, "bbox": [324, 100, 423, 239], "mask_file": "frame_0000_track_2.npy", "score": 0.9977124929428101}], "1": [{"track_id": 1, "bbox": [321, 115, 360, 198], "mask_file": "frame_0001_track_1.npy", "score": 1.0005953311920166}, {"track_id": 2, "bbox": [323, 99, 423, 239], "mask_file": "frame_0001_track_2.npy", "score": 1.0015490055084229}], "2": [{"track_id": 1, "bbox": [318, 114, 357, 197], "mask_file": "frame_0002_track_1.npy", "score": 0.9967236518859863}, {"track_id": 2, "bbox": [319, 98, 423, 239], "mask_file": "frame_0002_track_2.npy", "score": 1.0006895065307617}], "3": [{"track_id": 1, "bbox": [314, 114, 353, 196], "mask_file": "frame_0003_track_1.npy", "score": 1.0004808902740479}, {"track_id": 2, "bbox": [316, 96, 423, 239], "mask_file": "frame_0003_track_2.npy", "score": 0.9991412162780762}], "4": [{"track_id": 1, "bbox": [311, 113, 350, 195], "mask_file": "frame_0004_track_1.npy", "score": 0.9986540079116821}, {"track_id": 2, "bbox": [312, 96, 423, 239], "mask_file": "frame_0004_track_2.npy", "score": 1.0008997917175293}], "5": [{"track_id": 1, "bbox": [305, 113, 344, 195], "mask_file": "frame_0005_track_1.npy", "score": 0.9970651865005493}, {"track_id": 2, "bbox": [305, 96, 423, 239], "mask_file": "frame_0005_track_2.npy", "score": 1.0052871704101562}], "6": [{"track_id": 1, "bbox": [301, 112, 339, 193], "mask_file": "frame_0006_track_1.npy", "score": 1.0005497932434082}, {"track_id": 2, "bbox": [297, 96, 423, 239], "mask_file": "frame_0006_track_2.npy", "score": 1.0085316896438599}], "7": [{"track_id": 1, "bbox": [292, 112, 327, 192], "mask_file": "frame_0007_track_1.npy", "score": 0.9941030740737915}, {"track_id": 2, "bbox": [283, 95, 423, 239], "mask_file": "frame_0007_track_2.npy", "score": 1.0094223022460938}], "8": [{"track_id": 1, "bbox": [286, 111, 320, 191], "mask_file": "frame_0008_track_1.npy", "score": 0.9991528987884521}, {"track_id": 2, "bbox": [277, 95, 423, 239], "mask_file": "frame_0008_track_2.npy", "score": 1.0091379880905151}], "9": [{"track_id": 1, "bbox": [281, 111, 317, 190], "mask_file": "frame_0009_track_1.npy", "score": 0.9990743398666382}, {"track_id": 2, "bbox": [271, 94, 423, 239], "mask_file": "frame_0009_track_2.npy", "score": 1.0095630884170532}], "10": [{"track_id": 1, "bbox": [279, 111, 313, 190], "mask_file": "frame_0010_track_1.npy", "score": 1.0008355379104614}, {"track_id": 2, "bbox": [267, 94, 423, 239], "mask_file": "frame_0010_track_2.npy", "score": 1.0092054605484009}], "11": [{"track_id": 1, "bbox": [273, 111, 306, 190], "mask_file": "frame_0011_track_1.npy", "score": 0.9972858428955078}, {"track_id": 2, "bbox": [260, 95, 423, 239], "mask_file": "frame_0011_track_2.npy", "score": 1.0094660520553589}], "12": [{"track_id": 1, "bbox": [269, 112, 302, 190], "mask_file": "frame_0012_track_1.npy", "score": 0.9990936517715454}, {"track_id": 2, "bbox": [255, 95, 423, 239], "mask_file": "frame_0012_track_2.npy", "score": 1.0088814496994019}], "13": [{"track_id": 1, "bbox": [266, 113, 297, 191], "mask_file": "frame_0013_track_1.npy", "score": 0.9990071058273315}, {"track_id": 2, "bbox": [250, 96, 423, 239], "mask_file": "frame_0013_track_2.npy", "score": 1.0102821588516235}], "14": [{"track_id": 1, "bbox": [264, 114, 295, 192], "mask_file": "frame_0014_track_1.npy", "score": 0.9938932657241821}, {"track_id": 2, "bbox": [247, 97, 423, 239], "mask_file": "frame_0014_track_2.npy", "score": 1.0098917484283447}], "15": [{"track_id": 1, "bbox": [262, 115, 292, 193], "mask_file": "frame_0015_track_1.npy", "score": 0.9987810850143433}, {"track_id": 2, "bbox": [245, 98, 423, 239], "mask_file": "frame_0015_track_2.npy", "score": 1.011501431465149}], "16": [{"track_id": 1, "bbox": [261, 115, 291, 193], "mask_file": "frame_0016_track_1.npy", "score": 0.998573899269104}, {"track_id": 2, "bbox": [243, 99, 423, 239], "mask_file": "frame_0016_track_2.npy", "score": 1.0116627216339111}], "17": [{"track_id": 1, "bbox": [259, 117, 288, 195], "mask_file": "frame_0017_track_1.npy", "score": 0.9995564222335815}, {"track_id": 2, "bbox": [242, 100, 423, 239], "mask_file": "frame_0017_track_2.npy", "score": 1.0102862119674683}], "18": [{"track_id": 1, "bbox": [257, 117, 286, 195], "mask_file": "frame_0018_track_1.npy", "score": 1.0015912055969238}, {"track_id": 2, "bbox": [240, 101, 423, 239], "mask_file": "frame_0018_track_2.npy", "score": 1.0100833177566528}], "19": [{"track_id": 1, "bbox": [255, 118, 284, 194], "mask_file": "frame_0019_track_1.npy", "score": 1.000113606452942}, {"track_id": 2, "bbox": [235, 101, 423, 239], "mask_file": "frame_0019_track_2.npy", "score": 1.0092012882232666}], "20": [{"track_id": 1, "bbox": [253, 117, 281, 194], "mask_file": "frame_0020_track_1.npy", "score": 1.0009657144546509}, {"track_id": 2, "bbox": [230, 101, 423, 239], "mask_file": "frame_0020_track_2.npy", "score": 1.0068166255950928}], "21": [{"track_id": 1, "bbox": [246, 117, 274, 194], "mask_file": "frame_0021_track_1.npy", "score": 0.9644094705581665}, {"track_id": 2, "bbox": [222, 101, 419, 239], "mask_file": "frame_0021_track_2.npy", "score": 1.0058857202529907}], "22": [{"track_id": 1, "bbox": [240, 117, 269, 194], "mask_file": "frame_0022_track_1.npy", "score": 0.9836246967315674}, {"track_id": 2, "bbox": [216, 102, 414, 239], "mask_file": "frame_0022_track_2.npy", "score": 1.006052851676941}], "23": [{"track_id": 1, "bbox": [234, 116, 262, 192], "mask_file": "frame_0023_track_1.npy", "score": 0.9845025539398193}, {"track_id": 2, "bbox": [206, 101, 407, 239], "mask_file": "frame_0023_track_2.npy", "score": 1.0056698322296143}], "24": [{"track_id": 1, "bbox": [231, 115, 260, 191], "mask_file": "frame_0024_track_1.npy", "score": 0.9954969882965088}, {"track_id": 2, "bbox": [200, 100, 404, 239], "mask_file": "frame_0024_track_2.npy", "score": 1.0061640739440918}], "25": [{"track_id": 1, "bbox": [224, 115, 253, 191], "mask_file": "frame_0025_track_1.npy", "score": 0.9953126907348633}, {"track_id": 2, "bbox": [192, 99, 398, 239], "mask_file": "frame_0025_track_2.npy", "score": 1.0079476833343506}], "26": [{"track_id": 1, "bbox": [218, 115, 247, 190], "mask_file": "frame_0026_track_1.npy", "score": 0.9959901571273804}, {"track_id": 2, "bbox": [185, 99, 392, 239], "mask_file": "frame_0026_track_2.npy", "score": 1.006826639175415}], "27": [{"track_id": 1, "bbox": [209, 114, 237, 188], "mask_file": "frame_0027_track_1.npy", "score": 0.9302139282226562}, {"track_id": 2, "bbox": [168, 98, 382, 239], "mask_file": "frame_0027_track_2.npy", "score": 1.006935477256775}], "28": [{"track_id": 1, "bbox": [202, 112, 230, 187], "mask_file": "frame_0028_track_1.npy", "score": 0.9734591245651245}, {"track_id": 2, "bbox": [155, 97, 375, 239], "mask_file": "frame_0028_track_2.npy", "score": 1.0051922798156738}], "29": [{"track_id": 1, "bbox": [198, 111, 221, 183], "mask_file": "frame_0029_track_1.npy", "score": 0.9453088045120239}, {"track_id": 2, "bbox": [138, 95, 367, 239], "mask_file": "frame_0029_track_2.npy", "score": 1.0038641691207886}], "30": [{"track_id": 1, "bbox": [193, 111, 215, 181], "mask_file": "frame_0030_track_1.npy", "score": 0.9611451625823975}, {"track_id": 2, "bbox": [127, 94, 361, 239], "mask_file": "frame_0030_track_2.npy", "score": 1.0039702653884888}], "31": [{"track_id": 1, "bbox": [188, 110, 209, 179], "mask_file": "frame_0031_track_1.npy", "score": 0.9129709005355835}, {"track_id": 2, "bbox": [116, 93, 356, 239], "mask_file": "frame_0031_track_2.npy", "score": 1.0043706893920898}], "32": [{"track_id": 1, "bbox": [185, 108, 208, 179], "mask_file": "frame_0032_track_1.npy", "score": 0.9747326374053955}, {"track_id": 2, "bbox": [111, 92, 356, 239], "mask_file": "frame_0032_track_2.npy", "score": 1.002827525138855}], "33": [{"track_id": 1, "bbox": [183, 107, 209, 177], "mask_file": "frame_0033_track_1.npy", "score": 0.9735021591186523}, {"track_id": 2, "bbox": [104, 91, 357, 239], "mask_file": "frame_0033_track_2.npy", "score": 1.0040377378463745}], "34": [{"track_id": 1, "bbox": [180, 106, 207, 174], "mask_file": "frame_0034_track_1.npy", "score": 0.9717832803726196}, {"track_id": 2, "bbox": [94, 90, 354, 239], "mask_file": "frame_0034_track_2.npy", "score": 1.0037950277328491}], "35": [{"track_id": 1, "bbox": [174, 104, 201, 168], "mask_file": "frame_0035_track_1.npy", "score": 0.9385120868682861}, {"track_id": 2, "bbox": [75, 89, 346, 239], "mask_file": "frame_0035_track_2.npy", "score": 1.0035710334777832}], "36": [{"track_id": 1, "bbox": [169, 103, 195, 166], "mask_file": "frame_0036_track_1.npy", "score": 0.9505271911621094}, {"track_id": 2, "bbox": [59, 88, 339, 239], "mask_file": "frame_0036_track_2.npy", "score": 1.0043742656707764}], "37": [{"track_id": 1, "bbox": [164, 101, 189, 157], "mask_file": "frame_0037_track_1.npy", "score": 0.9052242040634155}, {"track_id": 2, "bbox": [39, 87, 332, 239], "mask_file": "frame_0037_track_2.npy", "score": 1.0053528547286987}], "38": [{"track_id": 1, "bbox": [156, 99, 186, 151], "mask_file": "frame_0038_track_1.npy", "score": 0.9450956583023071}, {"track_id": 2, "bbox": [25, 86, 327, 239], "mask_file": "frame_0038_track_2.npy", "score": 1.00630784034729}], "39": [{"track_id": 1, "bbox": [148, 97, 181, 154], "mask_file": "frame_0039_track_1.npy", "score": 0.9552367925643921}, {"track_id": 2, "bbox": [6, 84, 319, 239], "mask_file": "frame_0039_track_2.npy", "score": 1.000523567199707}], "40": [{"track_id": 1, "bbox": [142, 96, 177, 154], "mask_file": "frame_0040_track_1.npy", "score": 0.9711620807647705}, {"track_id": 2, "bbox": [0, 84, 313, 239], "mask_file": "frame_0040_track_2.npy", "score": 1.0061092376708984}], "41": [{"track_id": 1, "bbox": [135, 93, 171, 148], "mask_file": "frame_0041_track_1.npy", "score": 0.964866042137146}, {"track_id": 2, "bbox": [0, 82, 304, 239], "mask_file": "frame_0041_track_2.npy", "score": 1.0056307315826416}], "42": [{"track_id": 1, "bbox": [132, 92, 169, 149], "mask_file": "frame_0042_track_1.npy", "score": 0.9789457321166992}, {"track_id": 2, "bbox": [0, 82, 301, 239], "mask_file": "frame_0042_track_2.npy", "score": 1.0060195922851562}], "43": [{"track_id": 1, "bbox": [129, 91, 168, 144], "mask_file": "frame_0043_track_1.npy", "score": 0.9717903137207031}, {"track_id": 2, "bbox": [0, 82, 298, 239], "mask_file": "frame_0043_track_2.npy", "score": 1.0058960914611816}], "44": [{"track_id": 1, "bbox": [126, 91, 166, 148], "mask_file": "frame_0044_track_1.npy", "score": 0.9774748086929321}, {"track_id": 2, "bbox": [0, 82, 295, 239], "mask_file": "frame_0044_track_2.npy", "score": 1.007163405418396}], "45": [{"track_id": 1, "bbox": [123, 90, 166, 150], "mask_file": "frame_0045_track_1.npy", "score": 0.9714893102645874}, {"track_id": 2, "bbox": [0, 80, 294, 239], "mask_file": "frame_0045_track_2.npy", "score": 1.0064460039138794}], "46": [{"track_id": 1, "bbox": [115, 90, 169, 155], "mask_file": "frame_0046_track_1.npy", "score": 0.9905208349227905}, {"track_id": 2, "bbox": [0, 74, 297, 239], "mask_file": "frame_0046_track_2.npy", "score": 1.0019214153289795}], "47": [{"track_id": 1, "bbox": [116, 89, 169, 156], "mask_file": "frame_0047_track_1.npy", "score": 0.9950945377349854}, {"track_id": 2, "bbox": [0, 110, 309, 239], "mask_file": "frame_0047_track_2.npy", "score": 0.9187886714935303}], "48": [{"track_id": 1, "bbox": [116, 90, 169, 156], "mask_file": "frame_0048_track_1.npy", "score": 0.99397212266922}, {"track_id": 2, "bbox": [0, 85, 282, 239], "mask_file": "frame_0048_track_2.npy", "score": 0.8734654188156128}], "49": [{"track_id": 1, "bbox": [117, 92, 170, 158], "mask_file": "frame_0049_track_1.npy", "score": 0.994804322719574}, {"track_id": 2, "bbox": [0, 45, 288, 239], "mask_file": "frame_0049_track_2.npy", "score": 0.9172115325927734}]}