{"24": [{"track_id": 1, "bbox": [92, 1, 145, 60], "mask_file": "frame_0024_track_1.npy", "score": 0.9896774291992188}, {"track_id": 2, "bbox": [0, 18, 107, 69], "mask_file": "frame_0024_track_2.npy", "score": 1.0011370182037354}], "25": [{"track_id": 1, "bbox": [100, 5, 153, 63], "mask_file": "frame_0025_track_1.npy", "score": 0.9937925338745117}, {"track_id": 2, "bbox": [0, 21, 115, 70], "mask_file": "frame_0025_track_2.npy", "score": 0.9995264410972595}], "26": [{"track_id": 1, "bbox": [109, 10, 160, 67], "mask_file": "frame_0026_track_1.npy", "score": 0.9904781579971313}, {"track_id": 2, "bbox": [0, 23, 122, 71], "mask_file": "frame_0026_track_2.npy", "score": 1.001613974571228}], "27": [{"track_id": 1, "bbox": [115, 19, 167, 75], "mask_file": "frame_0027_track_1.npy", "score": 0.992365837097168}, {"track_id": 2, "bbox": [0, 29, 129, 74], "mask_file": "frame_0027_track_2.npy", "score": 1.0020509958267212}], "28": [{"track_id": 1, "bbox": [120, 24, 172, 79], "mask_file": "frame_0028_track_1.npy", "score": 0.9908013343811035}, {"track_id": 2, "bbox": [0, 31, 133, 74], "mask_file": "frame_0028_track_2.npy", "score": 1.0011786222457886}], "29": [{"track_id": 1, "bbox": [124, 29, 176, 84], "mask_file": "frame_0029_track_1.npy", "score": 0.9901913404464722}, {"track_id": 2, "bbox": [0, 35, 137, 76], "mask_file": "frame_0029_track_2.npy", "score": 1.0020705461502075}], "30": [{"track_id": 1, "bbox": [128, 34, 179, 87], "mask_file": "frame_0030_track_1.npy", "score": 0.9907609224319458}, {"track_id": 2, "bbox": [0, 37, 140, 76], "mask_file": "frame_0030_track_2.npy", "score": 1.0016530752182007}], "31": [{"track_id": 1, "bbox": [130, 38, 182, 91], "mask_file": "frame_0031_track_1.npy", "score": 0.9929890632629395}, {"track_id": 2, "bbox": [0, 39, 143, 77], "mask_file": "frame_0031_track_2.npy", "score": 1.0020675659179688}], "32": [{"track_id": 1, "bbox": [132, 39, 184, 91], "mask_file": "frame_0032_track_1.npy", "score": 0.9961899518966675}, {"track_id": 2, "bbox": [0, 37, 145, 76], "mask_file": "frame_0032_track_2.npy", "score": 1.002376675605774}], "33": [{"track_id": 1, "bbox": [133, 39, 185, 91], "mask_file": "frame_0033_track_1.npy", "score": 0.9953864812850952}, {"track_id": 2, "bbox": [0, 36, 146, 76], "mask_file": "frame_0033_track_2.npy", "score": 1.0015151500701904}], "34": [{"track_id": 1, "bbox": [133, 38, 185, 90], "mask_file": "frame_0034_track_1.npy", "score": 0.9960932731628418}, {"track_id": 2, "bbox": [0, 34, 147, 76], "mask_file": "frame_0034_track_2.npy", "score": 1.0009475946426392}], "35": [{"track_id": 1, "bbox": [134, 39, 184, 90], "mask_file": "frame_0035_track_1.npy", "score": 0.9937359094619751}, {"track_id": 2, "bbox": [0, 34, 146, 76], "mask_file": "frame_0035_track_2.npy", "score": 1.0002057552337646}], "36": [{"track_id": 1, "bbox": [134, 40, 184, 91], "mask_file": "frame_0036_track_1.npy", "score": 0.9931482076644897}, {"track_id": 2, "bbox": [0, 33, 147, 77], "mask_file": "frame_0036_track_2.npy", "score": 1.0006346702575684}], "37": [{"track_id": 1, "bbox": [134, 40, 184, 90], "mask_file": "frame_0037_track_1.npy", "score": 0.9927568435668945}, {"track_id": 2, "bbox": [0, 31, 147, 76], "mask_file": "frame_0037_track_2.npy", "score": 1.000659465789795}], "38": [{"track_id": 1, "bbox": [134, 40, 183, 90], "mask_file": "frame_0038_track_1.npy", "score": 0.9945459365844727}, {"track_id": 2, "bbox": [0, 29, 147, 75], "mask_file": "frame_0038_track_2.npy", "score": 1.0006078481674194}], "39": [{"track_id": 1, "bbox": [134, 40, 184, 90], "mask_file": "frame_0039_track_1.npy", "score": 0.9930367469787598}, {"track_id": 2, "bbox": [0, 27, 148, 76], "mask_file": "frame_0039_track_2.npy", "score": 0.9989482760429382}], "40": [{"track_id": 1, "bbox": [135, 42, 185, 90], "mask_file": "frame_0040_track_1.npy", "score": 0.9888379573822021}, {"track_id": 2, "bbox": [0, 26, 149, 76], "mask_file": "frame_0040_track_2.npy", "score": 0.9992760419845581}], "41": [{"track_id": 1, "bbox": [135, 44, 185, 92], "mask_file": "frame_0041_track_1.npy", "score": 0.9947477579116821}, {"track_id": 2, "bbox": [0, 26, 150, 78], "mask_file": "frame_0041_track_2.npy", "score": 0.9998199939727783}], "42": [{"track_id": 1, "bbox": [135, 45, 184, 93], "mask_file": "frame_0042_track_1.npy", "score": 0.995568037033081}, {"track_id": 2, "bbox": [0, 26, 149, 79], "mask_file": "frame_0042_track_2.npy", "score": 0.9992009997367859}], "43": [{"track_id": 1, "bbox": [135, 45, 184, 93], "mask_file": "frame_0043_track_1.npy", "score": 0.9966039657592773}, {"track_id": 2, "bbox": [0, 26, 149, 78], "mask_file": "frame_0043_track_2.npy", "score": 0.9987300634384155}], "44": [{"track_id": 1, "bbox": [136, 45, 185, 92], "mask_file": "frame_0044_track_1.npy", "score": 0.9956530332565308}, {"track_id": 2, "bbox": [0, 25, 150, 77], "mask_file": "frame_0044_track_2.npy", "score": 1.0001890659332275}], "45": [{"track_id": 1, "bbox": [136, 44, 185, 92], "mask_file": "frame_0045_track_1.npy", "score": 0.996552586555481}, {"track_id": 2, "bbox": [0, 24, 150, 77], "mask_file": "frame_0045_track_2.npy", "score": 1.0007108449935913}], "46": [{"track_id": 1, "bbox": [136, 44, 185, 92], "mask_file": "frame_0046_track_1.npy", "score": 0.9957290887832642}, {"track_id": 2, "bbox": [0, 24, 150, 76], "mask_file": "frame_0046_track_2.npy", "score": 0.9999257326126099}], "47": [{"track_id": 1, "bbox": [136, 44, 185, 91], "mask_file": "frame_0047_track_1.npy", "score": 0.9963347911834717}, {"track_id": 2, "bbox": [0, 25, 150, 78], "mask_file": "frame_0047_track_2.npy", "score": 0.9997535347938538}], "48": [{"track_id": 1, "bbox": [136, 44, 185, 92], "mask_file": "frame_0048_track_1.npy", "score": 0.9956305027008057}, {"track_id": 2, "bbox": [0, 26, 151, 81], "mask_file": "frame_0048_track_2.npy", "score": 0.9983406066894531}], "49": [{"track_id": 1, "bbox": [136, 44, 185, 92], "mask_file": "frame_0049_track_1.npy", "score": 0.9965888261795044}, {"track_id": 2, "bbox": [0, 26, 150, 81], "mask_file": "frame_0049_track_2.npy", "score": 0.9975082874298096}], "50": [{"track_id": 1, "bbox": [136, 44, 186, 91], "mask_file": "frame_0050_track_1.npy", "score": 0.9956928491592407}, {"track_id": 2, "bbox": [0, 26, 152, 80], "mask_file": "frame_0050_track_2.npy", "score": 0.9986501336097717}], "51": [{"track_id": 1, "bbox": [137, 42, 186, 90], "mask_file": "frame_0051_track_1.npy", "score": 0.9963151216506958}, {"track_id": 2, "bbox": [0, 24, 152, 77], "mask_file": "frame_0051_track_2.npy", "score": 0.9998833537101746}], "52": [{"track_id": 1, "bbox": [137, 41, 186, 89], "mask_file": "frame_0052_track_1.npy", "score": 0.9968900680541992}, {"track_id": 2, "bbox": [0, 21, 153, 75], "mask_file": "frame_0052_track_2.npy", "score": 0.9997592568397522}], "53": [{"track_id": 1, "bbox": [137, 41, 186, 89], "mask_file": "frame_0053_track_1.npy", "score": 0.9959143400192261}, {"track_id": 2, "bbox": [0, 21, 153, 74], "mask_file": "frame_0053_track_2.npy", "score": 1.001489281654358}], "54": [{"track_id": 1, "bbox": [136, 41, 186, 89], "mask_file": "frame_0054_track_1.npy", "score": 0.9964569807052612}, {"track_id": 2, "bbox": [0, 23, 153, 71], "mask_file": "frame_0054_track_2.npy", "score": 1.0015714168548584}], "55": [{"track_id": 1, "bbox": [136, 40, 185, 88], "mask_file": "frame_0055_track_1.npy", "score": 0.9984591007232666}, {"track_id": 2, "bbox": [0, 24, 149, 67], "mask_file": "frame_0055_track_2.npy", "score": 0.997494101524353}], "56": [{"track_id": 1, "bbox": [136, 40, 185, 88], "mask_file": "frame_0056_track_1.npy", "score": 0.999561071395874}, {"track_id": 2, "bbox": [0, 12, 129, 76], "mask_file": "frame_0056_track_2.npy", "score": 0.9973750114440918}], "57": [{"track_id": 1, "bbox": [136, 40, 186, 88], "mask_file": "frame_0057_track_1.npy", "score": 0.9972672462463379}, {"track_id": 2, "bbox": [0, 7, 79, 92], "mask_file": "frame_0057_track_2.npy", "score": 0.9925733208656311}], "58": [{"track_id": 1, "bbox": [136, 40, 186, 88], "mask_file": "frame_0058_track_1.npy", "score": 0.9969234466552734}, {"track_id": 2, "bbox": [0, 0, 81, 64], "mask_file": "frame_0058_track_2.npy", "score": 0.9636831283569336}], "59": [{"track_id": 1, "bbox": [137, 40, 186, 88], "mask_file": "frame_0059_track_1.npy", "score": 0.9958103895187378}, {"track_id": 2, "bbox": [0, 0, 82, 70], "mask_file": "frame_0059_track_2.npy", "score": 0.9863266944885254}], "60": [{"track_id": 1, "bbox": [136, 40, 186, 87], "mask_file": "frame_0060_track_1.npy", "score": 0.9960228204727173}, {"track_id": 2, "bbox": [0, 0, 81, 70], "mask_file": "frame_0060_track_2.npy", "score": 0.9906936883926392}], "61": [{"track_id": 1, "bbox": [136, 40, 185, 88], "mask_file": "frame_0061_track_1.npy", "score": 0.9967352151870728}, {"track_id": 2, "bbox": [0, 0, 81, 70], "mask_file": "frame_0061_track_2.npy", "score": 0.9886808395385742}], "62": [{"track_id": 1, "bbox": [136, 40, 185, 88], "mask_file": "frame_0062_track_1.npy", "score": 0.9982529878616333}, {"track_id": 2, "bbox": [0, 0, 81, 71], "mask_file": "frame_0062_track_2.npy", "score": 0.9924095869064331}], "63": [{"track_id": 1, "bbox": [136, 40, 186, 88], "mask_file": "frame_0063_track_1.npy", "score": 0.9972718954086304}, {"track_id": 2, "bbox": [0, 0, 81, 72], "mask_file": "frame_0063_track_2.npy", "score": 0.9895904064178467}], "64": [{"track_id": 1, "bbox": [136, 40, 186, 88], "mask_file": "frame_0064_track_1.npy", "score": 0.9971320629119873}, {"track_id": 2, "bbox": [0, 0, 81, 71], "mask_file": "frame_0064_track_2.npy", "score": 0.990018367767334}], "65": [{"track_id": 1, "bbox": [136, 40, 185, 88], "mask_file": "frame_0065_track_1.npy", "score": 0.9982398748397827}, {"track_id": 2, "bbox": [0, 0, 81, 71], "mask_file": "frame_0065_track_2.npy", "score": 0.9944546222686768}], "66": [{"track_id": 1, "bbox": [136, 40, 185, 88], "mask_file": "frame_0066_track_1.npy", "score": 0.9986824989318848}, {"track_id": 2, "bbox": [0, 0, 81, 70], "mask_file": "frame_0066_track_2.npy", "score": 0.9947259426116943}], "67": [{"track_id": 1, "bbox": [136, 41, 185, 89], "mask_file": "frame_0067_track_1.npy", "score": 0.9981790781021118}, {"track_id": 2, "bbox": [0, 0, 81, 70], "mask_file": "frame_0067_track_2.npy", "score": 0.989993691444397}], "68": [{"track_id": 1, "bbox": [136, 40, 185, 88], "mask_file": "frame_0068_track_1.npy", "score": 0.9989670515060425}, {"track_id": 2, "bbox": [0, 0, 81, 70], "mask_file": "frame_0068_track_2.npy", "score": 0.993739128112793}]}