{"0": [{"track_id": 1, "bbox": [69, 27, 278, 224], "mask_file": "frame_0000_track_1.npy", "score": 0.9244208335876465}, {"track_id": 2, "bbox": [152, 0, 319, 126], "mask_file": "frame_0000_track_2.npy", "score": 0.950546383857727}, {"track_id": 3, "bbox": [69, 26, 278, 225], "mask_file": "frame_0000_track_3.npy", "score": 1.0017145872116089}], "1": [{"track_id": 1, "bbox": [69, 26, 278, 225], "mask_file": "frame_0001_track_1.npy", "score": 1.0050084590911865}, {"track_id": 2, "bbox": [150, 0, 319, 127], "mask_file": "frame_0001_track_2.npy", "score": 0.9324129819869995}, {"track_id": 3, "bbox": [69, 26, 278, 225], "mask_file": "frame_0001_track_3.npy", "score": 1.00473153591156}], "2": [{"track_id": 1, "bbox": [67, 22, 278, 220], "mask_file": "frame_0002_track_1.npy", "score": 0.9981515407562256}, {"track_id": 2, "bbox": [149, 0, 319, 126], "mask_file": "frame_0002_track_2.npy", "score": 0.9396958351135254}, {"track_id": 3, "bbox": [67, 22, 278, 220], "mask_file": "frame_0002_track_3.npy", "score": 0.9981515407562256}], "3": [{"track_id": 1, "bbox": [68, 20, 280, 220], "mask_file": "frame_0003_track_1.npy", "score": 1.0046547651290894}, {"track_id": 2, "bbox": [144, 0, 319, 128], "mask_file": "frame_0003_track_2.npy", "score": 0.9460554122924805}, {"track_id": 3, "bbox": [68, 20, 280, 220], "mask_file": "frame_0003_track_3.npy", "score": 1.0046547651290894}], "4": [{"track_id": 1, "bbox": [71, 22, 281, 221], "mask_file": "frame_0004_track_1.npy", "score": 0.9995559453964233}, {"track_id": 2, "bbox": [141, 0, 319, 128], "mask_file": "frame_0004_track_2.npy", "score": 0.9416694641113281}, {"track_id": 3, "bbox": [71, 22, 281, 221], "mask_file": "frame_0004_track_3.npy", "score": 0.9995559453964233}], "5": [{"track_id": 1, "bbox": [71, 22, 282, 221], "mask_file": "frame_0005_track_1.npy", "score": 1.0011067390441895}, {"track_id": 2, "bbox": [141, 0, 319, 130], "mask_file": "frame_0005_track_2.npy", "score": 0.936917781829834}, {"track_id": 3, "bbox": [71, 22, 282, 221], "mask_file": "frame_0005_track_3.npy", "score": 1.0011067390441895}], "6": [{"track_id": 1, "bbox": [72, 20, 283, 218], "mask_file": "frame_0006_track_1.npy", "score": 0.9991304874420166}, {"track_id": 2, "bbox": [146, 0, 319, 125], "mask_file": "frame_0006_track_2.npy", "score": 0.9235727787017822}, {"track_id": 3, "bbox": [72, 20, 283, 218], "mask_file": "frame_0006_track_3.npy", "score": 0.9991304874420166}], "7": [{"track_id": 1, "bbox": [72, 19, 283, 218], "mask_file": "frame_0007_track_1.npy", "score": 0.9988129138946533}, {"track_id": 2, "bbox": [146, 0, 319, 126], "mask_file": "frame_0007_track_2.npy", "score": 0.9284883737564087}, {"track_id": 3, "bbox": [72, 19, 283, 218], "mask_file": "frame_0007_track_3.npy", "score": 0.9988129138946533}], "8": [{"track_id": 1, "bbox": [70, 19, 281, 218], "mask_file": "frame_0008_track_1.npy", "score": 0.9992146492004395}, {"track_id": 2, "bbox": [145, 0, 319, 127], "mask_file": "frame_0008_track_2.npy", "score": 0.9290839433670044}, {"track_id": 3, "bbox": [70, 19, 281, 218], "mask_file": "frame_0008_track_3.npy", "score": 0.9992146492004395}], "9": [{"track_id": 1, "bbox": [71, 21, 281, 220], "mask_file": "frame_0009_track_1.npy", "score": 0.9981001615524292}, {"track_id": 2, "bbox": [145, 0, 319, 129], "mask_file": "frame_0009_track_2.npy", "score": 0.9257723093032837}, {"track_id": 3, "bbox": [71, 21, 281, 220], "mask_file": "frame_0009_track_3.npy", "score": 0.9981001615524292}], "10": [{"track_id": 1, "bbox": [72, 21, 283, 221], "mask_file": "frame_0010_track_1.npy", "score": 0.9970722198486328}, {"track_id": 2, "bbox": [144, 0, 319, 127], "mask_file": "frame_0010_track_2.npy", "score": 0.9333043098449707}, {"track_id": 3, "bbox": [72, 21, 283, 221], "mask_file": "frame_0010_track_3.npy", "score": 0.9970722198486328}], "11": [{"track_id": 1, "bbox": [74, 23, 285, 222], "mask_file": "frame_0011_track_1.npy", "score": 1.000037431716919}, {"track_id": 2, "bbox": [144, 0, 319, 129], "mask_file": "frame_0011_track_2.npy", "score": 0.9137425422668457}, {"track_id": 3, "bbox": [74, 23, 285, 222], "mask_file": "frame_0011_track_3.npy", "score": 1.000037431716919}], "12": [{"track_id": 1, "bbox": [77, 24, 288, 222], "mask_file": "frame_0012_track_1.npy", "score": 1.0005542039871216}, {"track_id": 2, "bbox": [144, 0, 319, 135], "mask_file": "frame_0012_track_2.npy", "score": 0.9155721664428711}, {"track_id": 3, "bbox": [77, 24, 288, 222], "mask_file": "frame_0012_track_3.npy", "score": 1.0005542039871216}], "13": [{"track_id": 1, "bbox": [79, 24, 290, 221], "mask_file": "frame_0013_track_1.npy", "score": 0.9991675615310669}, {"track_id": 2, "bbox": [143, 0, 319, 135], "mask_file": "frame_0013_track_2.npy", "score": 0.9459012746810913}, {"track_id": 3, "bbox": [79, 24, 290, 221], "mask_file": "frame_0013_track_3.npy", "score": 0.9991675615310669}], "14": [{"track_id": 1, "bbox": [81, 21, 291, 220], "mask_file": "frame_0014_track_1.npy", "score": 0.9983021020889282}, {"track_id": 2, "bbox": [215, 0, 319, 84], "mask_file": "frame_0014_track_2.npy", "score": 0.8971329927444458}, {"track_id": 3, "bbox": [81, 21, 291, 220], "mask_file": "frame_0014_track_3.npy", "score": 0.9983021020889282}], "15": [{"track_id": 1, "bbox": [83, 24, 292, 223], "mask_file": "frame_0015_track_1.npy", "score": 0.9989786148071289}, {"track_id": 2, "bbox": [209, 0, 319, 91], "mask_file": "frame_0015_track_2.npy", "score": 0.9231457710266113}, {"track_id": 3, "bbox": [83, 24, 292, 223], "mask_file": "frame_0015_track_3.npy", "score": 0.9989786148071289}], "16": [{"track_id": 1, "bbox": [82, 27, 291, 223], "mask_file": "frame_0016_track_1.npy", "score": 0.9946322441101074}, {"track_id": 2, "bbox": [205, 0, 319, 101], "mask_file": "frame_0016_track_2.npy", "score": 0.9245738983154297}, {"track_id": 3, "bbox": [82, 27, 291, 223], "mask_file": "frame_0016_track_3.npy", "score": 0.9946322441101074}], "17": [{"track_id": 1, "bbox": [81, 26, 288, 223], "mask_file": "frame_0017_track_1.npy", "score": 0.998809814453125}, {"track_id": 2, "bbox": [291, 15, 319, 106], "mask_file": "frame_0017_track_2.npy", "score": 0.9494776725769043}, {"track_id": 3, "bbox": [81, 26, 288, 223], "mask_file": "frame_0017_track_3.npy", "score": 0.998809814453125}], "18": [{"track_id": 1, "bbox": [76, 27, 283, 223], "mask_file": "frame_0018_track_1.npy", "score": 0.9970839023590088}, {"track_id": 2, "bbox": [288, 16, 319, 58], "mask_file": "frame_0018_track_2.npy", "score": 0.9767125844955444}, {"track_id": 3, "bbox": [76, 27, 283, 223], "mask_file": "frame_0018_track_3.npy", "score": 0.9970839023590088}], "19": [{"track_id": 1, "bbox": [74, 27, 280, 224], "mask_file": "frame_0019_track_1.npy", "score": 0.9988546371459961}, {"track_id": 2, "bbox": [289, 4, 319, 55], "mask_file": "frame_0019_track_2.npy", "score": 0.8690600395202637}, {"track_id": 3, "bbox": [74, 27, 280, 224], "mask_file": "frame_0019_track_3.npy", "score": 0.9988546371459961}], "20": [{"track_id": 1, "bbox": [75, 30, 280, 226], "mask_file": "frame_0020_track_1.npy", "score": 0.9938384294509888}, {"track_id": 2, "bbox": [288, 0, 319, 45], "mask_file": "frame_0020_track_2.npy", "score": 0.9431676864624023}, {"track_id": 3, "bbox": [75, 30, 280, 226], "mask_file": "frame_0020_track_3.npy", "score": 0.9938384294509888}], "21": [{"track_id": 1, "bbox": [77, 32, 283, 225], "mask_file": "frame_0021_track_1.npy", "score": 0.9950230121612549}, {"track_id": 2, "bbox": [288, 0, 319, 43], "mask_file": "frame_0021_track_2.npy", "score": 0.9575330018997192}, {"track_id": 3, "bbox": [77, 32, 283, 225], "mask_file": "frame_0021_track_3.npy", "score": 0.9950230121612549}], "22": [{"track_id": 1, "bbox": [74, 27, 280, 223], "mask_file": "frame_0022_track_1.npy", "score": 0.9911366701126099}, {"track_id": 2, "bbox": [300, 0, 319, 11], "mask_file": "frame_0022_track_2.npy", "score": 0.9508699178695679}, {"track_id": 3, "bbox": [74, 27, 280, 223], "mask_file": "frame_0022_track_3.npy", "score": 0.9911366701126099}], "23": [{"track_id": 1, "bbox": [74, 26, 280, 223], "mask_file": "frame_0023_track_1.npy", "score": 0.9940836429595947}, {"track_id": 2, "bbox": [302, 0, 319, 9], "mask_file": "frame_0023_track_2.npy", "score": 0.8816146850585938}, {"track_id": 3, "bbox": [74, 26, 280, 223], "mask_file": "frame_0023_track_3.npy", "score": 0.9940836429595947}], "24": [{"track_id": 1, "bbox": [76, 27, 283, 222], "mask_file": "frame_0024_track_1.npy", "score": 0.9986960887908936}, {"track_id": 2, "bbox": [305, 0, 319, 9], "mask_file": "frame_0024_track_2.npy", "score": 0.907042384147644}, {"track_id": 3, "bbox": [76, 27, 283, 222], "mask_file": "frame_0024_track_3.npy", "score": 0.9986960887908936}], "25": [{"track_id": 1, "bbox": [73, 26, 279, 224], "mask_file": "frame_0025_track_1.npy", "score": 0.9708954095840454}, {"track_id": 2, "bbox": [160, 0, 319, 118], "mask_file": "frame_0025_track_2.npy", "score": 1.0036609172821045}, {"track_id": 3, "bbox": [73, 26, 279, 224], "mask_file": "frame_0025_track_3.npy", "score": 0.9708954095840454}], "26": [{"track_id": 1, "bbox": [76, 32, 282, 226], "mask_file": "frame_0026_track_1.npy", "score": 0.9846112728118896}, {"track_id": 2, "bbox": [155, 0, 319, 107], "mask_file": "frame_0026_track_2.npy", "score": 0.9961099624633789}, {"track_id": 3, "bbox": [76, 32, 282, 226], "mask_file": "frame_0026_track_3.npy", "score": 0.9846112728118896}], "27": [{"track_id": 1, "bbox": [76, 28, 283, 223], "mask_file": "frame_0027_track_1.npy", "score": 0.9936373233795166}, {"track_id": 2, "bbox": [171, 0, 319, 101], "mask_file": "frame_0027_track_2.npy", "score": 0.9992682933807373}, {"track_id": 3, "bbox": [76, 28, 283, 223], "mask_file": "frame_0027_track_3.npy", "score": 0.9936373233795166}], "28": [{"track_id": 1, "bbox": [68, 23, 282, 222], "mask_file": "frame_0028_track_1.npy", "score": 0.9716025590896606}, {"track_id": 2, "bbox": [168, 0, 319, 116], "mask_file": "frame_0028_track_2.npy", "score": 0.9528539180755615}, {"track_id": 3, "bbox": [68, 23, 282, 222], "mask_file": "frame_0028_track_3.npy", "score": 0.9716025590896606}], "29": [{"track_id": 1, "bbox": [79, 32, 285, 228], "mask_file": "frame_0029_track_1.npy", "score": 0.9934178590774536}, {"track_id": 2, "bbox": [156, 0, 319, 104], "mask_file": "frame_0029_track_2.npy", "score": 0.9945381879806519}, {"track_id": 3, "bbox": [79, 32, 285, 228], "mask_file": "frame_0029_track_3.npy", "score": 0.9934178590774536}], "30": [{"track_id": 1, "bbox": [76, 29, 282, 223], "mask_file": "frame_0030_track_1.npy", "score": 0.9660855531692505}, {"track_id": 2, "bbox": [156, 0, 319, 118], "mask_file": "frame_0030_track_2.npy", "score": 0.9781279563903809}, {"track_id": 3, "bbox": [76, 29, 282, 223], "mask_file": "frame_0030_track_3.npy", "score": 0.9660855531692505}], "31": [{"track_id": 1, "bbox": [74, 26, 280, 223], "mask_file": "frame_0031_track_1.npy", "score": 0.966367781162262}, {"track_id": 2, "bbox": [174, 0, 319, 125], "mask_file": "frame_0031_track_2.npy", "score": 0.9913167357444763}, {"track_id": 3, "bbox": [74, 26, 280, 223], "mask_file": "frame_0031_track_3.npy", "score": 0.966367781162262}], "32": [{"track_id": 1, "bbox": [79, 29, 285, 225], "mask_file": "frame_0032_track_1.npy", "score": 0.9889377355575562}, {"track_id": 2, "bbox": [189, 0, 319, 129], "mask_file": "frame_0032_track_2.npy", "score": 0.9982061386108398}, {"track_id": 3, "bbox": [79, 29, 285, 225], "mask_file": "frame_0032_track_3.npy", "score": 0.9889377355575562}], "33": [{"track_id": 1, "bbox": [76, 24, 283, 223], "mask_file": "frame_0033_track_1.npy", "score": 0.970543622970581}, {"track_id": 2, "bbox": [181, 0, 319, 140], "mask_file": "frame_0033_track_2.npy", "score": 0.9977480173110962}, {"track_id": 3, "bbox": [76, 24, 283, 223], "mask_file": "frame_0033_track_3.npy", "score": 0.970543622970581}], "34": [{"track_id": 1, "bbox": [79, 29, 284, 228], "mask_file": "frame_0034_track_1.npy", "score": 0.9851592779159546}, {"track_id": 2, "bbox": [216, 0, 319, 144], "mask_file": "frame_0034_track_2.npy", "score": 1.0015963315963745}, {"track_id": 3, "bbox": [79, 29, 284, 228], "mask_file": "frame_0034_track_3.npy", "score": 0.9851592779159546}], "35": [{"track_id": 1, "bbox": [78, 29, 280, 224], "mask_file": "frame_0035_track_1.npy", "score": 0.9751627445220947}, {"track_id": 2, "bbox": [230, 0, 319, 150], "mask_file": "frame_0035_track_2.npy", "score": 1.0082287788391113}, {"track_id": 3, "bbox": [124, 59, 250, 208], "mask_file": "frame_0035_track_3.npy", "score": 0.8884983062744141}], "36": [{"track_id": 1, "bbox": [76, 26, 283, 224], "mask_file": "frame_0036_track_1.npy", "score": 0.9908745288848877}, {"track_id": 2, "bbox": [249, 0, 319, 145], "mask_file": "frame_0036_track_2.npy", "score": 1.0056108236312866}, {"track_id": 3, "bbox": [120, 58, 248, 208], "mask_file": "frame_0036_track_3.npy", "score": 0.9825822114944458}], "37": [{"track_id": 1, "bbox": [72, 24, 279, 223], "mask_file": "frame_0037_track_1.npy", "score": 0.9899306297302246}, {"track_id": 2, "bbox": [256, 0, 319, 133], "mask_file": "frame_0037_track_2.npy", "score": 0.99695885181427}, {"track_id": 3, "bbox": [118, 59, 245, 207], "mask_file": "frame_0037_track_3.npy", "score": 0.9747328758239746}], "38": [{"track_id": 1, "bbox": [75, 28, 282, 226], "mask_file": "frame_0038_track_1.npy", "score": 0.997278094291687}, {"track_id": 2, "bbox": [266, 0, 319, 123], "mask_file": "frame_0038_track_2.npy", "score": 1.0098720788955688}, {"track_id": 3, "bbox": [120, 60, 248, 210], "mask_file": "frame_0038_track_3.npy", "score": 0.9819893836975098}], "39": [{"track_id": 1, "bbox": [73, 26, 281, 223], "mask_file": "frame_0039_track_1.npy", "score": 0.9989323616027832}, {"track_id": 2, "bbox": [268, 0, 319, 120], "mask_file": "frame_0039_track_2.npy", "score": 1.0113742351531982}, {"track_id": 3, "bbox": [118, 57, 251, 207], "mask_file": "frame_0039_track_3.npy", "score": 0.9852694272994995}], "40": [{"track_id": 1, "bbox": [71, 27, 276, 224], "mask_file": "frame_0040_track_1.npy", "score": 0.9933325052261353}, {"track_id": 2, "bbox": [263, 0, 319, 115], "mask_file": "frame_0040_track_2.npy", "score": 0.9576812982559204}, {"track_id": 3, "bbox": [116, 58, 252, 208], "mask_file": "frame_0040_track_3.npy", "score": 0.9791120290756226}], "41": [{"track_id": 1, "bbox": [72, 27, 278, 226], "mask_file": "frame_0041_track_1.npy", "score": 0.9967108964920044}, {"track_id": 2, "bbox": [248, 0, 319, 119], "mask_file": "frame_0041_track_2.npy", "score": 0.9276028871536255}, {"track_id": 3, "bbox": [116, 58, 246, 210], "mask_file": "frame_0041_track_3.npy", "score": 0.9845681190490723}], "42": [{"track_id": 1, "bbox": [74, 30, 275, 225], "mask_file": "frame_0042_track_1.npy", "score": 0.9766064882278442}, {"track_id": 2, "bbox": [237, 0, 319, 124], "mask_file": "frame_0042_track_2.npy", "score": 0.9844473600387573}, {"track_id": 3, "bbox": [119, 60, 247, 209], "mask_file": "frame_0042_track_3.npy", "score": 0.9866164922714233}], "43": [{"track_id": 1, "bbox": [71, 23, 271, 220], "mask_file": "frame_0043_track_1.npy", "score": 0.9740066528320312}, {"track_id": 2, "bbox": [230, 0, 319, 129], "mask_file": "frame_0043_track_2.npy", "score": 0.9943563938140869}, {"track_id": 3, "bbox": [116, 54, 244, 205], "mask_file": "frame_0043_track_3.npy", "score": 0.97315514087677}], "44": [{"track_id": 1, "bbox": [73, 24, 270, 221], "mask_file": "frame_0044_track_1.npy", "score": 0.9728231430053711}, {"track_id": 2, "bbox": [223, 0, 319, 137], "mask_file": "frame_0044_track_2.npy", "score": 0.9639732837677002}, {"track_id": 3, "bbox": [117, 54, 246, 205], "mask_file": "frame_0044_track_3.npy", "score": 0.9751635789871216}], "45": [{"track_id": 1, "bbox": [76, 25, 272, 223], "mask_file": "frame_0045_track_1.npy", "score": 0.9732674360275269}, {"track_id": 2, "bbox": [219, 0, 319, 139], "mask_file": "frame_0045_track_2.npy", "score": 0.9816659688949585}, {"track_id": 3, "bbox": [120, 56, 238, 207], "mask_file": "frame_0045_track_3.npy", "score": 0.9805814027786255}], "46": [{"track_id": 1, "bbox": [77, 25, 271, 221], "mask_file": "frame_0046_track_1.npy", "score": 0.9724442958831787}, {"track_id": 2, "bbox": [213, 0, 319, 144], "mask_file": "frame_0046_track_2.npy", "score": 0.9508943557739258}, {"track_id": 3, "bbox": [120, 55, 234, 205], "mask_file": "frame_0046_track_3.npy", "score": 0.982121467590332}], "47": [{"track_id": 1, "bbox": [77, 26, 268, 221], "mask_file": "frame_0047_track_1.npy", "score": 0.9718559980392456}, {"track_id": 2, "bbox": [202, 0, 319, 153], "mask_file": "frame_0047_track_2.npy", "score": 0.962364912033081}, {"track_id": 3, "bbox": [120, 56, 232, 205], "mask_file": "frame_0047_track_3.npy", "score": 0.9781526327133179}], "48": [{"track_id": 1, "bbox": [75, 23, 271, 221], "mask_file": "frame_0048_track_1.npy", "score": 0.9715577363967896}, {"track_id": 2, "bbox": [193, 0, 319, 155], "mask_file": "frame_0048_track_2.npy", "score": 0.9810587167739868}, {"track_id": 3, "bbox": [119, 53, 234, 206], "mask_file": "frame_0048_track_3.npy", "score": 0.9802160263061523}], "49": [{"track_id": 1, "bbox": [77, 26, 267, 221], "mask_file": "frame_0049_track_1.npy", "score": 0.9669913649559021}, {"track_id": 2, "bbox": [190, 3, 319, 158], "mask_file": "frame_0049_track_2.npy", "score": 0.9664510488510132}, {"track_id": 3, "bbox": [121, 63, 234, 205], "mask_file": "frame_0049_track_3.npy", "score": 0.964156985282898}], "50": [{"track_id": 1, "bbox": [77, 23, 271, 221], "mask_file": "frame_0050_track_1.npy", "score": 0.9677996039390564}, {"track_id": 2, "bbox": [182, 0, 319, 166], "mask_file": "frame_0050_track_2.npy", "score": 0.9894083738327026}, {"track_id": 3, "bbox": [120, 59, 233, 206], "mask_file": "frame_0050_track_3.npy", "score": 0.9708775281906128}], "51": [{"track_id": 1, "bbox": [77, 23, 274, 220], "mask_file": "frame_0051_track_1.npy", "score": 0.9675480127334595}, {"track_id": 2, "bbox": [176, 0, 319, 152], "mask_file": "frame_0051_track_2.npy", "score": 0.9983996152877808}, {"track_id": 3, "bbox": [122, 58, 236, 204], "mask_file": "frame_0051_track_3.npy", "score": 0.9804549217224121}], "52": [{"track_id": 1, "bbox": [78, 23, 274, 220], "mask_file": "frame_0052_track_1.npy", "score": 0.9655919075012207}, {"track_id": 2, "bbox": [175, 0, 319, 152], "mask_file": "frame_0052_track_2.npy", "score": 0.991458535194397}, {"track_id": 3, "bbox": [121, 59, 236, 205], "mask_file": "frame_0052_track_3.npy", "score": 0.978857159614563}], "53": [{"track_id": 1, "bbox": [77, 23, 280, 221], "mask_file": "frame_0053_track_1.npy", "score": 0.967922568321228}, {"track_id": 2, "bbox": [168, 0, 319, 137], "mask_file": "frame_0053_track_2.npy", "score": 0.9962924718856812}, {"track_id": 3, "bbox": [121, 69, 235, 205], "mask_file": "frame_0053_track_3.npy", "score": 0.9826828241348267}], "54": [{"track_id": 1, "bbox": [78, 26, 282, 223], "mask_file": "frame_0054_track_1.npy", "score": 0.9666974544525146}, {"track_id": 2, "bbox": [168, 0, 319, 135], "mask_file": "frame_0054_track_2.npy", "score": 0.9969449043273926}, {"track_id": 3, "bbox": [123, 75, 236, 207], "mask_file": "frame_0054_track_3.npy", "score": 0.983269214630127}], "55": [{"track_id": 1, "bbox": [81, 27, 285, 223], "mask_file": "frame_0055_track_1.npy", "score": 0.9610454440116882}, {"track_id": 2, "bbox": [180, 0, 319, 131], "mask_file": "frame_0055_track_2.npy", "score": 0.9924496412277222}, {"track_id": 3, "bbox": [125, 73, 239, 207], "mask_file": "frame_0055_track_3.npy", "score": 0.979239821434021}], "56": [{"track_id": 1, "bbox": [81, 25, 287, 221], "mask_file": "frame_0056_track_1.npy", "score": 0.9723010063171387}, {"track_id": 2, "bbox": [194, 0, 319, 115], "mask_file": "frame_0056_track_2.npy", "score": 0.9992526769638062}, {"track_id": 3, "bbox": [124, 63, 244, 205], "mask_file": "frame_0056_track_3.npy", "score": 0.9762601852416992}], "57": [{"track_id": 1, "bbox": [84, 27, 290, 223], "mask_file": "frame_0057_track_1.npy", "score": 0.9660152196884155}, {"track_id": 2, "bbox": [207, 0, 319, 125], "mask_file": "frame_0057_track_2.npy", "score": 0.9931098222732544}, {"track_id": 3, "bbox": [127, 65, 247, 207], "mask_file": "frame_0057_track_3.npy", "score": 0.9675107002258301}], "58": [{"track_id": 1, "bbox": [85, 27, 287, 225], "mask_file": "frame_0058_track_1.npy", "score": 0.9738239049911499}, {"track_id": 2, "bbox": [216, 0, 319, 136], "mask_file": "frame_0058_track_2.npy", "score": 0.9825842380523682}, {"track_id": 3, "bbox": [128, 59, 242, 209], "mask_file": "frame_0058_track_3.npy", "score": 0.9658594131469727}], "59": [{"track_id": 1, "bbox": [82, 28, 278, 225], "mask_file": "frame_0059_track_1.npy", "score": 0.9708739519119263}, {"track_id": 2, "bbox": [213, 10, 301, 142], "mask_file": "frame_0059_track_2.npy", "score": 0.952221155166626}, {"track_id": 3, "bbox": [126, 60, 240, 209], "mask_file": "frame_0059_track_3.npy", "score": 0.9675242900848389}], "60": [{"track_id": 1, "bbox": [69, 23, 268, 221], "mask_file": "frame_0060_track_1.npy", "score": 0.9712892770767212}, {"track_id": 2, "bbox": [216, 0, 297, 135], "mask_file": "frame_0060_track_2.npy", "score": 0.942444920539856}, {"track_id": 3, "bbox": [131, 53, 237, 205], "mask_file": "frame_0060_track_3.npy", "score": 0.9645603895187378}], "61": [{"track_id": 1, "bbox": [76, 29, 271, 228], "mask_file": "frame_0061_track_1.npy", "score": 0.972976565361023}, {"track_id": 2, "bbox": [212, 0, 302, 139], "mask_file": "frame_0061_track_2.npy", "score": 0.9024322032928467}, {"track_id": 3, "bbox": [137, 78, 232, 211], "mask_file": "frame_0061_track_3.npy", "score": 0.966697096824646}], "62": [{"track_id": 1, "bbox": [76, 21, 275, 221], "mask_file": "frame_0062_track_1.npy", "score": 0.9762625694274902}, {"track_id": 2, "bbox": [202, 0, 305, 135], "mask_file": "frame_0062_track_2.npy", "score": 0.9546351432800293}, {"track_id": 3, "bbox": [140, 72, 231, 204], "mask_file": "frame_0062_track_3.npy", "score": 0.967069149017334}]}