{"0": [{"track_id": 1, "bbox": [230, 68, 416, 239], "mask_file": "frame_0000_track_1.npy", "score": 1.0125904083251953}, {"track_id": 2, "bbox": [132, 62, 257, 224], "mask_file": "frame_0000_track_2.npy", "score": 1.022960901260376}, {"track_id": 3, "bbox": [77, 0, 350, 239], "mask_file": "frame_0000_track_3.npy", "score": 0.9945930242538452}], "1": [{"track_id": 1, "bbox": [227, 68, 415, 239], "mask_file": "frame_0001_track_1.npy", "score": 1.0016493797302246}, {"track_id": 2, "bbox": [132, 63, 255, 225], "mask_file": "frame_0001_track_2.npy", "score": 1.010907530784607}, {"track_id": 3, "bbox": [77, 0, 352, 239], "mask_file": "frame_0001_track_3.npy", "score": 0.9982755184173584}], "2": [{"track_id": 1, "bbox": [223, 66, 420, 239], "mask_file": "frame_0002_track_1.npy", "score": 1.0004607439041138}, {"track_id": 2, "bbox": [133, 63, 255, 226], "mask_file": "frame_0002_track_2.npy", "score": 1.0106608867645264}, {"track_id": 3, "bbox": [77, 0, 362, 239], "mask_file": "frame_0002_track_3.npy", "score": 0.9958113431930542}], "3": [{"track_id": 1, "bbox": [215, 61, 410, 239], "mask_file": "frame_0003_track_1.npy", "score": 0.9983441829681396}, {"track_id": 2, "bbox": [133, 64, 255, 227], "mask_file": "frame_0003_track_2.npy", "score": 1.009115219116211}, {"track_id": 3, "bbox": [78, 0, 364, 239], "mask_file": "frame_0003_track_3.npy", "score": 0.9996724128723145}], "4": [{"track_id": 1, "bbox": [214, 61, 404, 239], "mask_file": "frame_0004_track_1.npy", "score": 0.996512770652771}, {"track_id": 2, "bbox": [134, 65, 257, 229], "mask_file": "frame_0004_track_2.npy", "score": 1.0090771913528442}, {"track_id": 3, "bbox": [79, 0, 367, 239], "mask_file": "frame_0004_track_3.npy", "score": 0.9994077682495117}], "5": [{"track_id": 1, "bbox": [213, 62, 402, 239], "mask_file": "frame_0005_track_1.npy", "score": 0.9963246583938599}, {"track_id": 2, "bbox": [136, 66, 261, 230], "mask_file": "frame_0005_track_2.npy", "score": 1.0106899738311768}, {"track_id": 3, "bbox": [81, 0, 371, 239], "mask_file": "frame_0005_track_3.npy", "score": 0.9980300664901733}], "6": [{"track_id": 1, "bbox": [213, 63, 401, 239], "mask_file": "frame_0006_track_1.npy", "score": 0.9972280859947205}, {"track_id": 2, "bbox": [137, 65, 262, 231], "mask_file": "frame_0006_track_2.npy", "score": 1.011411428451538}, {"track_id": 3, "bbox": [82, 0, 373, 239], "mask_file": "frame_0006_track_3.npy", "score": 0.9972354173660278}], "7": [{"track_id": 1, "bbox": [212, 68, 400, 239], "mask_file": "frame_0007_track_1.npy", "score": 0.9982452988624573}, {"track_id": 2, "bbox": [137, 65, 263, 231], "mask_file": "frame_0007_track_2.npy", "score": 1.011704683303833}, {"track_id": 3, "bbox": [83, 0, 375, 239], "mask_file": "frame_0007_track_3.npy", "score": 0.9972423315048218}], "8": [{"track_id": 1, "bbox": [209, 70, 396, 239], "mask_file": "frame_0008_track_1.npy", "score": 0.9971930384635925}, {"track_id": 2, "bbox": [137, 66, 262, 232], "mask_file": "frame_0008_track_2.npy", "score": 1.0098943710327148}, {"track_id": 3, "bbox": [83, 0, 375, 239], "mask_file": "frame_0008_track_3.npy", "score": 0.9973008632659912}], "9": [{"track_id": 1, "bbox": [208, 68, 389, 239], "mask_file": "frame_0009_track_1.npy", "score": 0.9964384436607361}, {"track_id": 2, "bbox": [138, 66, 261, 233], "mask_file": "frame_0009_track_2.npy", "score": 1.009679913520813}, {"track_id": 3, "bbox": [85, 0, 378, 239], "mask_file": "frame_0009_track_3.npy", "score": 0.9937906265258789}], "10": [{"track_id": 1, "bbox": [206, 67, 386, 239], "mask_file": "frame_0010_track_1.npy", "score": 0.9973135590553284}, {"track_id": 2, "bbox": [139, 67, 260, 234], "mask_file": "frame_0010_track_2.npy", "score": 1.009232759475708}, {"track_id": 3, "bbox": [85, 0, 379, 239], "mask_file": "frame_0010_track_3.npy", "score": 0.9924875497817993}], "11": [{"track_id": 1, "bbox": [203, 65, 379, 239], "mask_file": "frame_0011_track_1.npy", "score": 0.9982428550720215}, {"track_id": 2, "bbox": [138, 67, 256, 235], "mask_file": "frame_0011_track_2.npy", "score": 1.0096324682235718}, {"track_id": 3, "bbox": [82, 0, 379, 239], "mask_file": "frame_0011_track_3.npy", "score": 0.9913831949234009}], "12": [{"track_id": 1, "bbox": [201, 66, 375, 239], "mask_file": "frame_0012_track_1.npy", "score": 0.9978458881378174}, {"track_id": 2, "bbox": [137, 67, 259, 235], "mask_file": "frame_0012_track_2.npy", "score": 1.0088635683059692}, {"track_id": 3, "bbox": [81, 0, 380, 239], "mask_file": "frame_0012_track_3.npy", "score": 0.9924657344818115}], "13": [{"track_id": 1, "bbox": [197, 67, 368, 239], "mask_file": "frame_0013_track_1.npy", "score": 0.9979183077812195}, {"track_id": 2, "bbox": [136, 68, 259, 237], "mask_file": "frame_0013_track_2.npy", "score": 1.0119366645812988}, {"track_id": 3, "bbox": [80, 0, 379, 239], "mask_file": "frame_0013_track_3.npy", "score": 0.9965918064117432}], "14": [{"track_id": 1, "bbox": [189, 68, 364, 239], "mask_file": "frame_0014_track_1.npy", "score": 0.9978501796722412}, {"track_id": 2, "bbox": [134, 69, 255, 237], "mask_file": "frame_0014_track_2.npy", "score": 1.0128642320632935}, {"track_id": 3, "bbox": [78, 0, 377, 239], "mask_file": "frame_0014_track_3.npy", "score": 0.9985872507095337}], "15": [{"track_id": 1, "bbox": [182, 70, 356, 239], "mask_file": "frame_0015_track_1.npy", "score": 0.9986612796783447}, {"track_id": 2, "bbox": [132, 71, 254, 239], "mask_file": "frame_0015_track_2.npy", "score": 1.012619137763977}, {"track_id": 3, "bbox": [75, 0, 375, 239], "mask_file": "frame_0015_track_3.npy", "score": 1.0005768537521362}], "16": [{"track_id": 1, "bbox": [184, 72, 354, 239], "mask_file": "frame_0016_track_1.npy", "score": 0.9974676370620728}, {"track_id": 2, "bbox": [131, 72, 254, 239], "mask_file": "frame_0016_track_2.npy", "score": 1.0124918222427368}, {"track_id": 3, "bbox": [74, 0, 374, 239], "mask_file": "frame_0016_track_3.npy", "score": 0.9994035959243774}], "17": [{"track_id": 1, "bbox": [189, 75, 349, 239], "mask_file": "frame_0017_track_1.npy", "score": 0.9978147149085999}, {"track_id": 2, "bbox": [131, 72, 255, 239], "mask_file": "frame_0017_track_2.npy", "score": 1.0115593671798706}, {"track_id": 3, "bbox": [71, 0, 374, 239], "mask_file": "frame_0017_track_3.npy", "score": 1.002636194229126}], "18": [{"track_id": 1, "bbox": [190, 77, 347, 239], "mask_file": "frame_0018_track_1.npy", "score": 0.9971253275871277}, {"track_id": 2, "bbox": [131, 72, 256, 239], "mask_file": "frame_0018_track_2.npy", "score": 1.0112513303756714}, {"track_id": 3, "bbox": [70, 0, 374, 239], "mask_file": "frame_0018_track_3.npy", "score": 1.0027848482131958}], "19": [{"track_id": 1, "bbox": [193, 82, 346, 239], "mask_file": "frame_0019_track_1.npy", "score": 0.9978821873664856}, {"track_id": 2, "bbox": [131, 73, 259, 239], "mask_file": "frame_0019_track_2.npy", "score": 1.0107697248458862}, {"track_id": 3, "bbox": [69, 0, 374, 239], "mask_file": "frame_0019_track_3.npy", "score": 1.0008214712142944}], "20": [{"track_id": 1, "bbox": [197, 84, 348, 239], "mask_file": "frame_0020_track_1.npy", "score": 0.9988264441490173}, {"track_id": 2, "bbox": [132, 74, 261, 239], "mask_file": "frame_0020_track_2.npy", "score": 1.0131083726882935}, {"track_id": 3, "bbox": [70, 0, 375, 239], "mask_file": "frame_0020_track_3.npy", "score": 0.9981067180633545}], "21": [{"track_id": 1, "bbox": [203, 91, 355, 239], "mask_file": "frame_0021_track_1.npy", "score": 0.9974373579025269}, {"track_id": 2, "bbox": [134, 74, 264, 239], "mask_file": "frame_0021_track_2.npy", "score": 0.9977514743804932}, {"track_id": 3, "bbox": [72, 0, 379, 239], "mask_file": "frame_0021_track_3.npy", "score": 1.001346230506897}], "22": [{"track_id": 1, "bbox": [205, 90, 364, 239], "mask_file": "frame_0022_track_1.npy", "score": 0.996870219707489}, {"track_id": 2, "bbox": [135, 74, 271, 239], "mask_file": "frame_0022_track_2.npy", "score": 1.0112848281860352}, {"track_id": 3, "bbox": [74, 0, 380, 239], "mask_file": "frame_0022_track_3.npy", "score": 1.001532793045044}], "23": [{"track_id": 1, "bbox": [208, 90, 387, 239], "mask_file": "frame_0023_track_1.npy", "score": 0.9893419742584229}, {"track_id": 2, "bbox": [135, 74, 279, 239], "mask_file": "frame_0023_track_2.npy", "score": 1.0072239637374878}, {"track_id": 3, "bbox": [75, 0, 382, 239], "mask_file": "frame_0023_track_3.npy", "score": 0.9991550445556641}], "24": [{"track_id": 1, "bbox": [205, 91, 401, 239], "mask_file": "frame_0024_track_1.npy", "score": 0.9976233243942261}, {"track_id": 2, "bbox": [132, 72, 280, 239], "mask_file": "frame_0024_track_2.npy", "score": 1.0117887258529663}, {"track_id": 3, "bbox": [72, 0, 378, 239], "mask_file": "frame_0024_track_3.npy", "score": 0.9994384050369263}], "25": [{"track_id": 1, "bbox": [197, 93, 414, 239], "mask_file": "frame_0025_track_1.npy", "score": 0.9980157613754272}, {"track_id": 2, "bbox": [133, 72, 282, 239], "mask_file": "frame_0025_track_2.npy", "score": 1.0123558044433594}, {"track_id": 3, "bbox": [73, 0, 379, 239], "mask_file": "frame_0025_track_3.npy", "score": 1.0007380247116089}], "26": [{"track_id": 1, "bbox": [200, 89, 416, 239], "mask_file": "frame_0026_track_1.npy", "score": 0.9989293217658997}, {"track_id": 2, "bbox": [134, 72, 280, 239], "mask_file": "frame_0026_track_2.npy", "score": 1.0059010982513428}, {"track_id": 3, "bbox": [74, 0, 379, 239], "mask_file": "frame_0026_track_3.npy", "score": 1.0011447668075562}], "27": [{"track_id": 1, "bbox": [215, 89, 417, 239], "mask_file": "frame_0027_track_1.npy", "score": 0.9988093972206116}, {"track_id": 2, "bbox": [136, 72, 284, 239], "mask_file": "frame_0027_track_2.npy", "score": 1.0039595365524292}, {"track_id": 3, "bbox": [78, 0, 381, 239], "mask_file": "frame_0027_track_3.npy", "score": 0.999879002571106}], "28": [{"track_id": 1, "bbox": [219, 91, 418, 239], "mask_file": "frame_0028_track_1.npy", "score": 1.0004537105560303}, {"track_id": 2, "bbox": [138, 72, 285, 239], "mask_file": "frame_0028_track_2.npy", "score": 1.0054880380630493}, {"track_id": 3, "bbox": [81, 0, 383, 239], "mask_file": "frame_0028_track_3.npy", "score": 0.9992566108703613}], "29": [{"track_id": 1, "bbox": [217, 91, 420, 239], "mask_file": "frame_0029_track_1.npy", "score": 1.0017852783203125}, {"track_id": 2, "bbox": [140, 72, 288, 239], "mask_file": "frame_0029_track_2.npy", "score": 1.0066853761672974}, {"track_id": 3, "bbox": [84, 0, 383, 239], "mask_file": "frame_0029_track_3.npy", "score": 1.0008440017700195}], "30": [{"track_id": 1, "bbox": [217, 92, 422, 239], "mask_file": "frame_0030_track_1.npy", "score": 1.004565954208374}, {"track_id": 2, "bbox": [140, 72, 293, 239], "mask_file": "frame_0030_track_2.npy", "score": 1.007163405418396}, {"track_id": 3, "bbox": [85, 0, 383, 239], "mask_file": "frame_0030_track_3.npy", "score": 1.0008831024169922}], "31": [{"track_id": 1, "bbox": [218, 91, 425, 239], "mask_file": "frame_0031_track_1.npy", "score": 1.0063087940216064}, {"track_id": 2, "bbox": [139, 71, 281, 239], "mask_file": "frame_0031_track_2.npy", "score": 1.011151671409607}, {"track_id": 3, "bbox": [81, 0, 380, 239], "mask_file": "frame_0031_track_3.npy", "score": 1.0003896951675415}], "32": [{"track_id": 1, "bbox": [221, 91, 432, 239], "mask_file": "frame_0032_track_1.npy", "score": 1.0049855709075928}, {"track_id": 2, "bbox": [140, 71, 279, 239], "mask_file": "frame_0032_track_2.npy", "score": 1.0088669061660767}, {"track_id": 3, "bbox": [80, 0, 375, 239], "mask_file": "frame_0032_track_3.npy", "score": 1.0017379522323608}], "33": [{"track_id": 1, "bbox": [222, 89, 435, 239], "mask_file": "frame_0033_track_1.npy", "score": 1.0058234930038452}, {"track_id": 2, "bbox": [137, 69, 274, 239], "mask_file": "frame_0033_track_2.npy", "score": 1.0096522569656372}, {"track_id": 3, "bbox": [76, 0, 370, 239], "mask_file": "frame_0033_track_3.npy", "score": 1.0004535913467407}], "34": [{"track_id": 1, "bbox": [222, 86, 435, 239], "mask_file": "frame_0034_track_1.npy", "score": 1.000432014465332}, {"track_id": 2, "bbox": [136, 67, 273, 237], "mask_file": "frame_0034_track_2.npy", "score": 1.0082968473434448}, {"track_id": 3, "bbox": [76, 0, 369, 239], "mask_file": "frame_0034_track_3.npy", "score": 1.000046968460083}], "35": [{"track_id": 1, "bbox": [222, 85, 435, 239], "mask_file": "frame_0035_track_1.npy", "score": 1.0046451091766357}, {"track_id": 2, "bbox": [134, 67, 271, 235], "mask_file": "frame_0035_track_2.npy", "score": 1.0082767009735107}, {"track_id": 3, "bbox": [73, 0, 363, 239], "mask_file": "frame_0035_track_3.npy", "score": 0.9997740983963013}], "36": [{"track_id": 1, "bbox": [221, 84, 435, 239], "mask_file": "frame_0036_track_1.npy", "score": 1.00486159324646}, {"track_id": 2, "bbox": [133, 68, 271, 235], "mask_file": "frame_0036_track_2.npy", "score": 1.0084471702575684}, {"track_id": 3, "bbox": [73, 0, 362, 239], "mask_file": "frame_0036_track_3.npy", "score": 0.9984395503997803}], "37": [{"track_id": 1, "bbox": [220, 83, 435, 239], "mask_file": "frame_0037_track_1.npy", "score": 1.002159595489502}, {"track_id": 2, "bbox": [133, 69, 270, 236], "mask_file": "frame_0037_track_2.npy", "score": 1.0082067251205444}, {"track_id": 3, "bbox": [71, 0, 359, 239], "mask_file": "frame_0037_track_3.npy", "score": 1.0006582736968994}], "38": [{"track_id": 1, "bbox": [218, 84, 435, 239], "mask_file": "frame_0038_track_1.npy", "score": 1.001145601272583}, {"track_id": 2, "bbox": [131, 71, 270, 237], "mask_file": "frame_0038_track_2.npy", "score": 1.0086109638214111}, {"track_id": 3, "bbox": [70, 0, 356, 239], "mask_file": "frame_0038_track_3.npy", "score": 1.0015263557434082}], "39": [{"track_id": 1, "bbox": [214, 82, 435, 239], "mask_file": "frame_0039_track_1.npy", "score": 1.005177617073059}, {"track_id": 2, "bbox": [127, 70, 266, 236], "mask_file": "frame_0039_track_2.npy", "score": 1.0090984106063843}, {"track_id": 3, "bbox": [66, 0, 349, 239], "mask_file": "frame_0039_track_3.npy", "score": 1.0013000965118408}], "40": [{"track_id": 1, "bbox": [209, 78, 435, 239], "mask_file": "frame_0040_track_1.npy", "score": 1.005971074104309}, {"track_id": 2, "bbox": [120, 67, 260, 232], "mask_file": "frame_0040_track_2.npy", "score": 1.0079904794692993}, {"track_id": 3, "bbox": [60, 0, 341, 239], "mask_file": "frame_0040_track_3.npy", "score": 1.0023502111434937}], "41": [{"track_id": 1, "bbox": [203, 73, 435, 239], "mask_file": "frame_0041_track_1.npy", "score": 1.0061500072479248}, {"track_id": 2, "bbox": [114, 63, 254, 226], "mask_file": "frame_0041_track_2.npy", "score": 1.0071436166763306}, {"track_id": 3, "bbox": [54, 0, 330, 239], "mask_file": "frame_0041_track_3.npy", "score": 1.0002890825271606}], "42": [{"track_id": 1, "bbox": [199, 70, 435, 239], "mask_file": "frame_0042_track_1.npy", "score": 1.0074706077575684}, {"track_id": 2, "bbox": [110, 61, 251, 223], "mask_file": "frame_0042_track_2.npy", "score": 1.0069687366485596}, {"track_id": 3, "bbox": [51, 0, 325, 239], "mask_file": "frame_0042_track_3.npy", "score": 0.998062014579773}], "43": [{"track_id": 1, "bbox": [197, 68, 435, 239], "mask_file": "frame_0043_track_1.npy", "score": 1.0043030977249146}, {"track_id": 2, "bbox": [107, 60, 249, 220], "mask_file": "frame_0043_track_2.npy", "score": 1.0070937871932983}, {"track_id": 3, "bbox": [49, 0, 319, 239], "mask_file": "frame_0043_track_3.npy", "score": 0.9969756603240967}], "44": [{"track_id": 1, "bbox": [198, 67, 435, 239], "mask_file": "frame_0044_track_1.npy", "score": 1.0053226947784424}, {"track_id": 2, "bbox": [108, 60, 250, 221], "mask_file": "frame_0044_track_2.npy", "score": 1.0064022541046143}, {"track_id": 3, "bbox": [50, 0, 320, 239], "mask_file": "frame_0044_track_3.npy", "score": 0.9962774515151978}], "45": [{"track_id": 1, "bbox": [199, 66, 435, 239], "mask_file": "frame_0045_track_1.npy", "score": 1.0056233406066895}, {"track_id": 2, "bbox": [109, 61, 252, 221], "mask_file": "frame_0045_track_2.npy", "score": 1.0059959888458252}, {"track_id": 3, "bbox": [52, 0, 320, 239], "mask_file": "frame_0045_track_3.npy", "score": 0.995897650718689}], "46": [{"track_id": 1, "bbox": [197, 66, 435, 239], "mask_file": "frame_0046_track_1.npy", "score": 1.0067154169082642}, {"track_id": 2, "bbox": [107, 62, 249, 220], "mask_file": "frame_0046_track_2.npy", "score": 1.007311463356018}, {"track_id": 3, "bbox": [50, 0, 317, 239], "mask_file": "frame_0046_track_3.npy", "score": 0.9962723255157471}], "47": [{"track_id": 1, "bbox": [194, 66, 435, 239], "mask_file": "frame_0047_track_1.npy", "score": 1.0066124200820923}, {"track_id": 2, "bbox": [105, 62, 247, 219], "mask_file": "frame_0047_track_2.npy", "score": 1.0050214529037476}, {"track_id": 3, "bbox": [49, 0, 313, 239], "mask_file": "frame_0047_track_3.npy", "score": 0.9952903985977173}], "48": [{"track_id": 1, "bbox": [192, 65, 435, 239], "mask_file": "frame_0048_track_1.npy", "score": 1.0060492753982544}, {"track_id": 2, "bbox": [104, 61, 245, 218], "mask_file": "frame_0048_track_2.npy", "score": 0.9990164041519165}, {"track_id": 3, "bbox": [47, 0, 310, 239], "mask_file": "frame_0048_track_3.npy", "score": 0.9938507080078125}], "49": [{"track_id": 1, "bbox": [190, 62, 435, 239], "mask_file": "frame_0049_track_1.npy", "score": 1.0054030418395996}, {"track_id": 2, "bbox": [105, 60, 244, 216], "mask_file": "frame_0049_track_2.npy", "score": 0.9997762441635132}, {"track_id": 3, "bbox": [48, 0, 310, 239], "mask_file": "frame_0049_track_3.npy", "score": 0.99329674243927}], "50": [{"track_id": 1, "bbox": [188, 59, 435, 239], "mask_file": "frame_0050_track_1.npy", "score": 1.006399154663086}, {"track_id": 2, "bbox": [105, 59, 243, 214], "mask_file": "frame_0050_track_2.npy", "score": 0.9984368085861206}, {"track_id": 3, "bbox": [49, 0, 309, 239], "mask_file": "frame_0050_track_3.npy", "score": 0.9907547235488892}], "51": [{"track_id": 1, "bbox": [188, 58, 435, 239], "mask_file": "frame_0051_track_1.npy", "score": 1.0079119205474854}, {"track_id": 2, "bbox": [106, 58, 243, 212], "mask_file": "frame_0051_track_2.npy", "score": 0.9973137378692627}, {"track_id": 3, "bbox": [50, 0, 309, 237], "mask_file": "frame_0051_track_3.npy", "score": 0.9926879405975342}], "52": [{"track_id": 1, "bbox": [190, 58, 435, 239], "mask_file": "frame_0052_track_1.npy", "score": 1.0081490278244019}, {"track_id": 2, "bbox": [107, 59, 243, 212], "mask_file": "frame_0052_track_2.npy", "score": 0.9963784217834473}, {"track_id": 3, "bbox": [51, 0, 309, 237], "mask_file": "frame_0052_track_3.npy", "score": 0.9906805753707886}], "53": [{"track_id": 1, "bbox": [192, 61, 435, 239], "mask_file": "frame_0053_track_1.npy", "score": 1.006234049797058}, {"track_id": 2, "bbox": [107, 61, 243, 212], "mask_file": "frame_0053_track_2.npy", "score": 0.9952330589294434}, {"track_id": 3, "bbox": [52, 0, 308, 239], "mask_file": "frame_0053_track_3.npy", "score": 0.9877022504806519}]}