{"0": [{"track_id": 1, "bbox": [166, 48, 216, 183], "mask_file": "frame_0000_track_1.npy", "score": 0.9803328514099121}, {"track_id": 2, "bbox": [0, 163, 116, 239], "mask_file": "frame_0000_track_2.npy", "score": 0.9728941917419434}], "1": [{"track_id": 1, "bbox": [166, 48, 217, 183], "mask_file": "frame_0001_track_1.npy", "score": 1.0006366968154907}, {"track_id": 2, "bbox": [0, 155, 94, 239], "mask_file": "frame_0001_track_2.npy", "score": 0.9780975580215454}], "2": [{"track_id": 1, "bbox": [166, 48, 216, 183], "mask_file": "frame_0002_track_1.npy", "score": 1.000903606414795}, {"track_id": 2, "bbox": [0, 147, 140, 239], "mask_file": "frame_0002_track_2.npy", "score": 0.9725790023803711}], "3": [{"track_id": 1, "bbox": [167, 48, 217, 183], "mask_file": "frame_0003_track_1.npy", "score": 1.0018820762634277}, {"track_id": 2, "bbox": [0, 143, 142, 239], "mask_file": "frame_0003_track_2.npy", "score": 0.9294109344482422}], "4": [{"track_id": 1, "bbox": [167, 48, 217, 184], "mask_file": "frame_0004_track_1.npy", "score": 0.9992063045501709}, {"track_id": 2, "bbox": [0, 135, 141, 239], "mask_file": "frame_0004_track_2.npy", "score": 0.9956340789794922}], "5": [{"track_id": 1, "bbox": [167, 49, 217, 185], "mask_file": "frame_0005_track_1.npy", "score": 0.9980658292770386}, {"track_id": 2, "bbox": [0, 136, 150, 239], "mask_file": "frame_0005_track_2.npy", "score": 0.997753381729126}], "6": [{"track_id": 1, "bbox": [167, 50, 217, 185], "mask_file": "frame_0006_track_1.npy", "score": 0.9964210987091064}, {"track_id": 2, "bbox": [0, 136, 167, 239], "mask_file": "frame_0006_track_2.npy", "score": 0.9998461008071899}], "7": [{"track_id": 1, "bbox": [167, 50, 217, 185], "mask_file": "frame_0007_track_1.npy", "score": 0.9956842660903931}, {"track_id": 2, "bbox": [0, 137, 167, 239], "mask_file": "frame_0007_track_2.npy", "score": 0.9964207410812378}], "8": [{"track_id": 1, "bbox": [167, 51, 217, 187], "mask_file": "frame_0008_track_1.npy", "score": 0.9939436912536621}, {"track_id": 2, "bbox": [0, 137, 148, 239], "mask_file": "frame_0008_track_2.npy", "score": 0.9963723421096802}], "9": [{"track_id": 1, "bbox": [167, 51, 217, 187], "mask_file": "frame_0009_track_1.npy", "score": 0.9919344186782837}, {"track_id": 2, "bbox": [0, 138, 154, 239], "mask_file": "frame_0009_track_2.npy", "score": 1.0011035203933716}], "10": [{"track_id": 1, "bbox": [167, 51, 217, 184], "mask_file": "frame_0010_track_1.npy", "score": 0.9914811849594116}, {"track_id": 2, "bbox": [0, 138, 161, 239], "mask_file": "frame_0010_track_2.npy", "score": 1.0014442205429077}], "11": [{"track_id": 1, "bbox": [167, 51, 218, 183], "mask_file": "frame_0011_track_1.npy", "score": 0.9885648488998413}, {"track_id": 2, "bbox": [0, 138, 167, 239], "mask_file": "frame_0011_track_2.npy", "score": 0.9991680383682251}], "12": [{"track_id": 1, "bbox": [167, 51, 218, 181], "mask_file": "frame_0012_track_1.npy", "score": 0.9894593954086304}, {"track_id": 2, "bbox": [0, 138, 184, 239], "mask_file": "frame_0012_track_2.npy", "score": 0.9922078847885132}], "13": [{"track_id": 1, "bbox": [167, 51, 218, 181], "mask_file": "frame_0013_track_1.npy", "score": 0.9904601573944092}, {"track_id": 2, "bbox": [0, 137, 189, 239], "mask_file": "frame_0013_track_2.npy", "score": 0.974882960319519}], "14": [{"track_id": 1, "bbox": [167, 51, 218, 179], "mask_file": "frame_0014_track_1.npy", "score": 0.9839234352111816}, {"track_id": 2, "bbox": [0, 138, 192, 239], "mask_file": "frame_0014_track_2.npy", "score": 0.9725688099861145}], "15": [{"track_id": 1, "bbox": [167, 51, 218, 184], "mask_file": "frame_0015_track_1.npy", "score": 0.9770351648330688}, {"track_id": 2, "bbox": [0, 138, 203, 239], "mask_file": "frame_0015_track_2.npy", "score": 0.9774793386459351}], "16": [{"track_id": 1, "bbox": [172, 51, 225, 186], "mask_file": "frame_0016_track_1.npy", "score": 0.9814754724502563}, {"track_id": 2, "bbox": [0, 140, 216, 239], "mask_file": "frame_0016_track_2.npy", "score": 0.9725279808044434}], "17": [{"track_id": 1, "bbox": [173, 46, 228, 183], "mask_file": "frame_0017_track_1.npy", "score": 0.9879816770553589}, {"track_id": 2, "bbox": [0, 138, 219, 239], "mask_file": "frame_0017_track_2.npy", "score": 0.9790999889373779}], "18": [{"track_id": 1, "bbox": [174, 39, 230, 183], "mask_file": "frame_0018_track_1.npy", "score": 0.9846935272216797}, {"track_id": 2, "bbox": [0, 136, 224, 239], "mask_file": "frame_0018_track_2.npy", "score": 0.982242226600647}], "19": [{"track_id": 1, "bbox": [176, 32, 233, 184], "mask_file": "frame_0019_track_1.npy", "score": 0.9854282140731812}, {"track_id": 2, "bbox": [0, 135, 227, 239], "mask_file": "frame_0019_track_2.npy", "score": 0.9877820611000061}], "20": [{"track_id": 1, "bbox": [176, 25, 237, 190], "mask_file": "frame_0020_track_1.npy", "score": 0.9961451292037964}, {"track_id": 2, "bbox": [0, 136, 232, 239], "mask_file": "frame_0020_track_2.npy", "score": 0.9844033718109131}], "21": [{"track_id": 1, "bbox": [177, 22, 241, 195], "mask_file": "frame_0021_track_1.npy", "score": 0.9962018728256226}, {"track_id": 2, "bbox": [0, 138, 234, 239], "mask_file": "frame_0021_track_2.npy", "score": 0.9846895337104797}], "22": [{"track_id": 1, "bbox": [177, 17, 247, 178], "mask_file": "frame_0022_track_1.npy", "score": 0.9847504496574402}, {"track_id": 2, "bbox": [0, 143, 238, 239], "mask_file": "frame_0022_track_2.npy", "score": 0.9869692325592041}], "23": [{"track_id": 1, "bbox": [176, 12, 250, 185], "mask_file": "frame_0023_track_1.npy", "score": 0.9974480867385864}, {"track_id": 2, "bbox": [0, 147, 241, 239], "mask_file": "frame_0023_track_2.npy", "score": 1.0035690069198608}], "24": [{"track_id": 1, "bbox": [173, 5, 255, 167], "mask_file": "frame_0024_track_1.npy", "score": 0.9943831562995911}, {"track_id": 2, "bbox": [0, 152, 244, 239], "mask_file": "frame_0024_track_2.npy", "score": 0.9995894432067871}], "25": [{"track_id": 1, "bbox": [170, 0, 258, 172], "mask_file": "frame_0025_track_1.npy", "score": 1.001921534538269}, {"track_id": 2, "bbox": [0, 155, 246, 239], "mask_file": "frame_0025_track_2.npy", "score": 0.9999334812164307}], "26": [{"track_id": 1, "bbox": [164, 0, 261, 170], "mask_file": "frame_0026_track_1.npy", "score": 1.0025906562805176}, {"track_id": 2, "bbox": [0, 158, 248, 239], "mask_file": "frame_0026_track_2.npy", "score": 1.0001702308654785}], "27": [{"track_id": 1, "bbox": [158, 0, 262, 168], "mask_file": "frame_0027_track_1.npy", "score": 0.9999940991401672}, {"track_id": 2, "bbox": [0, 160, 249, 239], "mask_file": "frame_0027_track_2.npy", "score": 0.9991664886474609}], "28": [{"track_id": 1, "bbox": [151, 0, 268, 182], "mask_file": "frame_0028_track_1.npy", "score": 0.9927974939346313}, {"track_id": 2, "bbox": [0, 167, 249, 239], "mask_file": "frame_0028_track_2.npy", "score": 0.9974496364593506}], "29": [{"track_id": 1, "bbox": [145, 0, 272, 237], "mask_file": "frame_0029_track_1.npy", "score": 0.9919836521148682}, {"track_id": 2, "bbox": [0, 175, 248, 239], "mask_file": "frame_0029_track_2.npy", "score": 0.9994512796401978}], "30": [{"track_id": 1, "bbox": [137, 0, 279, 239], "mask_file": "frame_0030_track_1.npy", "score": 1.0041615962982178}, {"track_id": 2, "bbox": [0, 190, 250, 239], "mask_file": "frame_0030_track_2.npy", "score": 1.0017459392547607}], "31": [{"track_id": 1, "bbox": [133, 0, 285, 239], "mask_file": "frame_0031_track_1.npy", "score": 1.009101390838623}, {"track_id": 2, "bbox": [5, 202, 244, 239], "mask_file": "frame_0031_track_2.npy", "score": 1.0051664113998413}], "32": [{"track_id": 1, "bbox": [127, 0, 293, 239], "mask_file": "frame_0032_track_1.npy", "score": 1.0081615447998047}, {"track_id": 2, "bbox": [31, 220, 172, 239], "mask_file": "frame_0032_track_2.npy", "score": 0.9733741283416748}], "33": [{"track_id": 1, "bbox": [125, 0, 300, 239], "mask_file": "frame_0033_track_1.npy", "score": 1.0107492208480835}, {"track_id": 2, "bbox": [51, 231, 143, 239], "mask_file": "frame_0033_track_2.npy", "score": 0.9795724153518677}], "34": [{"track_id": 1, "bbox": [122, 0, 308, 239], "mask_file": "frame_0034_track_1.npy", "score": 1.0051052570343018}, {"track_id": 2, "bbox": [103, 230, 145, 239], "mask_file": "frame_0034_track_2.npy", "score": 0.6834424734115601}], "35": [{"track_id": 1, "bbox": [121, 0, 313, 239], "mask_file": "frame_0035_track_1.npy", "score": 1.002155065536499}, {"track_id": 2, "bbox": [104, 229, 145, 239], "mask_file": "frame_0035_track_2.npy", "score": 0.8897932767868042}], "36": [{"track_id": 1, "bbox": [123, 0, 318, 239], "mask_file": "frame_0036_track_1.npy", "score": 1.0054222345352173}, {"track_id": 2, "bbox": [103, 229, 146, 239], "mask_file": "frame_0036_track_2.npy", "score": 0.8983650207519531}], "37": [{"track_id": 1, "bbox": [124, 0, 321, 239], "mask_file": "frame_0037_track_1.npy", "score": 1.0060389041900635}, {"track_id": 2, "bbox": [103, 228, 147, 239], "mask_file": "frame_0037_track_2.npy", "score": 0.8776495456695557}], "38": [{"track_id": 1, "bbox": [125, 0, 320, 239], "mask_file": "frame_0038_track_1.npy", "score": 1.006502628326416}, {"track_id": 2, "bbox": [103, 226, 147, 239], "mask_file": "frame_0038_track_2.npy", "score": 0.8910421133041382}], "39": [{"track_id": 1, "bbox": [122, 0, 318, 239], "mask_file": "frame_0039_track_1.npy", "score": 1.0058999061584473}, {"track_id": 2, "bbox": [102, 224, 146, 239], "mask_file": "frame_0039_track_2.npy", "score": 0.8992639780044556}]}