{"0": [{"track_id": 1, "bbox": [68, 43, 116, 211], "mask_file": "frame_0000_track_1.npy", "score": 0.9915251731872559}, {"track_id": 2, "bbox": [151, 65, 188, 170], "mask_file": "frame_0000_track_2.npy", "score": 0.9645969867706299}, {"track_id": 3, "bbox": [207, 53, 270, 193], "mask_file": "frame_0000_track_3.npy", "score": 0.9929713010787964}, {"track_id": 4, "bbox": [137, 160, 292, 239], "mask_file": "frame_0000_track_4.npy", "score": 0.927276611328125}], "1": [{"track_id": 1, "bbox": [65, 40, 113, 210], "mask_file": "frame_0001_track_1.npy", "score": 0.9984240531921387}, {"track_id": 2, "bbox": [148, 64, 187, 172], "mask_file": "frame_0001_track_2.npy", "score": 0.9765818119049072}, {"track_id": 3, "bbox": [206, 51, 269, 190], "mask_file": "frame_0001_track_3.npy", "score": 1.0028094053268433}, {"track_id": 4, "bbox": [133, 147, 292, 239], "mask_file": "frame_0001_track_4.npy", "score": 0.9432805776596069}], "2": [{"track_id": 1, "bbox": [62, 38, 112, 210], "mask_file": "frame_0002_track_1.npy", "score": 0.9974408149719238}, {"track_id": 2, "bbox": [144, 62, 186, 160], "mask_file": "frame_0002_track_2.npy", "score": 0.9717941284179688}, {"track_id": 3, "bbox": [205, 49, 268, 189], "mask_file": "frame_0002_track_3.npy", "score": 0.9980067014694214}, {"track_id": 4, "bbox": [130, 134, 292, 239], "mask_file": "frame_0002_track_4.npy", "score": 0.9512354135513306}], "3": [{"track_id": 1, "bbox": [59, 37, 109, 210], "mask_file": "frame_0003_track_1.npy", "score": 0.9907492399215698}, {"track_id": 2, "bbox": [146, 60, 183, 147], "mask_file": "frame_0003_track_2.npy", "score": 0.9656921625137329}, {"track_id": 3, "bbox": [203, 48, 265, 190], "mask_file": "frame_0003_track_3.npy", "score": 1.000437617301941}, {"track_id": 4, "bbox": [129, 124, 258, 239], "mask_file": "frame_0003_track_4.npy", "score": 0.9766368865966797}], "4": [{"track_id": 1, "bbox": [54, 35, 105, 210], "mask_file": "frame_0004_track_1.npy", "score": 0.9917271137237549}, {"track_id": 2, "bbox": [144, 59, 181, 118], "mask_file": "frame_0004_track_2.npy", "score": 0.9763621091842651}, {"track_id": 3, "bbox": [201, 47, 264, 191], "mask_file": "frame_0004_track_3.npy", "score": 1.0001579523086548}, {"track_id": 4, "bbox": [124, 112, 243, 239], "mask_file": "frame_0004_track_4.npy", "score": 0.9507147073745728}], "5": [{"track_id": 1, "bbox": [50, 33, 102, 210], "mask_file": "frame_0005_track_1.npy", "score": 0.990372896194458}, {"track_id": 2, "bbox": [141, 57, 179, 115], "mask_file": "frame_0005_track_2.npy", "score": 0.971199631690979}, {"track_id": 3, "bbox": [199, 45, 261, 193], "mask_file": "frame_0005_track_3.npy", "score": 0.996002197265625}, {"track_id": 4, "bbox": [119, 107, 231, 239], "mask_file": "frame_0005_track_4.npy", "score": 0.9948309659957886}], "6": [{"track_id": 1, "bbox": [48, 31, 101, 211], "mask_file": "frame_0006_track_1.npy", "score": 0.9896889925003052}, {"track_id": 2, "bbox": [143, 57, 177, 122], "mask_file": "frame_0006_track_2.npy", "score": 0.9812932014465332}, {"track_id": 3, "bbox": [197, 44, 260, 193], "mask_file": "frame_0006_track_3.npy", "score": 1.0001492500305176}, {"track_id": 4, "bbox": [115, 101, 221, 239], "mask_file": "frame_0006_track_4.npy", "score": 0.9959636926651001}], "7": [{"track_id": 1, "bbox": [46, 30, 100, 209], "mask_file": "frame_0007_track_1.npy", "score": 0.9896880388259888}, {"track_id": 2, "bbox": [143, 55, 177, 130], "mask_file": "frame_0007_track_2.npy", "score": 0.9779000282287598}, {"track_id": 3, "bbox": [197, 42, 260, 193], "mask_file": "frame_0007_track_3.npy", "score": 0.9977362155914307}, {"track_id": 4, "bbox": [114, 102, 214, 239], "mask_file": "frame_0007_track_4.npy", "score": 0.9967049360275269}], "8": [{"track_id": 1, "bbox": [40, 26, 95, 209], "mask_file": "frame_0008_track_1.npy", "score": 0.9928686618804932}, {"track_id": 2, "bbox": [137, 53, 174, 131], "mask_file": "frame_0008_track_2.npy", "score": 0.9793567657470703}, {"track_id": 3, "bbox": [195, 40, 257, 192], "mask_file": "frame_0008_track_3.npy", "score": 0.9941579103469849}, {"track_id": 4, "bbox": [109, 106, 200, 239], "mask_file": "frame_0008_track_4.npy", "score": 0.9957016110420227}], "9": [{"track_id": 1, "bbox": [34, 23, 90, 210], "mask_file": "frame_0009_track_1.npy", "score": 0.9906831979751587}, {"track_id": 2, "bbox": [135, 51, 170, 131], "mask_file": "frame_0009_track_2.npy", "score": 0.9781546592712402}, {"track_id": 3, "bbox": [192, 38, 254, 189], "mask_file": "frame_0009_track_3.npy", "score": 0.9996452331542969}, {"track_id": 4, "bbox": [107, 104, 196, 239], "mask_file": "frame_0009_track_4.npy", "score": 0.9973353147506714}], "10": [{"track_id": 1, "bbox": [31, 21, 88, 210], "mask_file": "frame_0010_track_1.npy", "score": 0.9895505905151367}, {"track_id": 2, "bbox": [132, 49, 169, 125], "mask_file": "frame_0010_track_2.npy", "score": 0.9797266721725464}, {"track_id": 3, "bbox": [190, 36, 253, 190], "mask_file": "frame_0010_track_3.npy", "score": 0.9990674257278442}, {"track_id": 4, "bbox": [107, 102, 198, 239], "mask_file": "frame_0010_track_4.npy", "score": 0.9969570636749268}], "11": [{"track_id": 1, "bbox": [28, 20, 86, 211], "mask_file": "frame_0011_track_1.npy", "score": 0.9885491132736206}, {"track_id": 2, "bbox": [126, 48, 166, 126], "mask_file": "frame_0011_track_2.npy", "score": 0.9860392808914185}, {"track_id": 3, "bbox": [188, 35, 251, 190], "mask_file": "frame_0011_track_3.npy", "score": 1.00038743019104}, {"track_id": 4, "bbox": [104, 107, 197, 239], "mask_file": "frame_0011_track_4.npy", "score": 0.997369647026062}], "12": [{"track_id": 1, "bbox": [26, 20, 83, 212], "mask_file": "frame_0012_track_1.npy", "score": 0.9897955656051636}, {"track_id": 2, "bbox": [124, 49, 164, 126], "mask_file": "frame_0012_track_2.npy", "score": 0.9889177083969116}, {"track_id": 3, "bbox": [186, 35, 249, 189], "mask_file": "frame_0012_track_3.npy", "score": 1.0002140998840332}, {"track_id": 4, "bbox": [103, 108, 197, 239], "mask_file": "frame_0012_track_4.npy", "score": 0.9986905455589294}], "13": [{"track_id": 1, "bbox": [23, 24, 81, 215], "mask_file": "frame_0013_track_1.npy", "score": 0.9891499280929565}, {"track_id": 2, "bbox": [123, 44, 167, 131], "mask_file": "frame_0013_track_2.npy", "score": 0.9801348447799683}, {"track_id": 3, "bbox": [183, 38, 246, 191], "mask_file": "frame_0013_track_3.npy", "score": 1.0024325847625732}, {"track_id": 4, "bbox": [101, 110, 202, 239], "mask_file": "frame_0013_track_4.npy", "score": 0.9965257048606873}], "14": [{"track_id": 1, "bbox": [23, 25, 81, 214], "mask_file": "frame_0014_track_1.npy", "score": 0.9872901439666748}, {"track_id": 2, "bbox": [131, 40, 176, 125], "mask_file": "frame_0014_track_2.npy", "score": 0.899936318397522}, {"track_id": 3, "bbox": [182, 39, 246, 192], "mask_file": "frame_0014_track_3.npy", "score": 1.001083254814148}, {"track_id": 4, "bbox": [107, 113, 203, 239], "mask_file": "frame_0014_track_4.npy", "score": 0.9654474258422852}], "15": [{"track_id": 1, "bbox": [24, 24, 82, 213], "mask_file": "frame_0015_track_1.npy", "score": 0.9845849275588989}, {"track_id": 2, "bbox": [148, 39, 177, 129], "mask_file": "frame_0015_track_2.npy", "score": 0.843131422996521}, {"track_id": 3, "bbox": [176, 37, 245, 189], "mask_file": "frame_0015_track_3.npy", "score": 0.9878634214401245}, {"track_id": 4, "bbox": [124, 126, 207, 239], "mask_file": "frame_0015_track_4.npy", "score": 0.9620559215545654}], "16": [{"track_id": 1, "bbox": [26, 21, 82, 212], "mask_file": "frame_0016_track_1.npy", "score": 0.9883016347885132}, {"track_id": 2, "bbox": [154, 37, 180, 127], "mask_file": "frame_0016_track_2.npy", "score": 0.9018658399581909}, {"track_id": 3, "bbox": [169, 40, 243, 189], "mask_file": "frame_0016_track_3.npy", "score": 0.9862418174743652}, {"track_id": 4, "bbox": [134, 147, 206, 239], "mask_file": "frame_0016_track_4.npy", "score": 0.9497512578964233}], "17": [{"track_id": 1, "bbox": [29, 27, 85, 209], "mask_file": "frame_0017_track_1.npy", "score": 0.985898494720459}, {"track_id": 2, "bbox": [156, 30, 185, 127], "mask_file": "frame_0017_track_2.npy", "score": 0.9354838132858276}, {"track_id": 3, "bbox": [182, 43, 229, 188], "mask_file": "frame_0017_track_3.npy", "score": 0.8702049255371094}, {"track_id": 4, "bbox": [152, 189, 213, 239], "mask_file": "frame_0017_track_4.npy", "score": 0.9760485887527466}], "18": [{"track_id": 1, "bbox": [32, 28, 87, 207], "mask_file": "frame_0018_track_1.npy", "score": 0.9873964786529541}, {"track_id": 2, "bbox": [157, 30, 190, 126], "mask_file": "frame_0018_track_2.npy", "score": 0.9439725875854492}, {"track_id": 3, "bbox": [184, 44, 224, 190], "mask_file": "frame_0018_track_3.npy", "score": 0.9918652772903442}, {"track_id": 4, "bbox": [163, 190, 207, 239], "mask_file": "frame_0018_track_4.npy", "score": 0.9793688058853149}], "19": [{"track_id": 1, "bbox": [33, 29, 87, 206], "mask_file": "frame_0019_track_1.npy", "score": 0.9911980628967285}, {"track_id": 2, "bbox": [157, 31, 190, 127], "mask_file": "frame_0019_track_2.npy", "score": 0.9428441524505615}, {"track_id": 3, "bbox": [184, 45, 236, 190], "mask_file": "frame_0019_track_3.npy", "score": 0.9799309968948364}, {"track_id": 4, "bbox": [163, 189, 215, 239], "mask_file": "frame_0019_track_4.npy", "score": 0.9961360692977905}], "20": [{"track_id": 1, "bbox": [33, 31, 86, 205], "mask_file": "frame_0020_track_1.npy", "score": 0.9922220706939697}, {"track_id": 2, "bbox": [156, 32, 189, 131], "mask_file": "frame_0020_track_2.npy", "score": 0.9430326223373413}, {"track_id": 3, "bbox": [183, 46, 239, 190], "mask_file": "frame_0020_track_3.npy", "score": 1.0000741481781006}, {"track_id": 4, "bbox": [162, 189, 214, 239], "mask_file": "frame_0020_track_4.npy", "score": 0.9993732571601868}], "21": [{"track_id": 1, "bbox": [34, 33, 87, 205], "mask_file": "frame_0021_track_1.npy", "score": 0.9896693229675293}, {"track_id": 2, "bbox": [156, 32, 189, 128], "mask_file": "frame_0021_track_2.npy", "score": 0.9317663908004761}, {"track_id": 3, "bbox": [182, 47, 238, 190], "mask_file": "frame_0021_track_3.npy", "score": 1.0006064176559448}, {"track_id": 4, "bbox": [162, 189, 213, 239], "mask_file": "frame_0021_track_4.npy", "score": 0.9984334111213684}], "22": [{"track_id": 1, "bbox": [34, 34, 87, 205], "mask_file": "frame_0022_track_1.npy", "score": 0.9906884431838989}, {"track_id": 2, "bbox": [155, 30, 188, 126], "mask_file": "frame_0022_track_2.npy", "score": 0.9325387477874756}, {"track_id": 3, "bbox": [182, 48, 238, 189], "mask_file": "frame_0022_track_3.npy", "score": 1.0009255409240723}, {"track_id": 4, "bbox": [162, 189, 212, 239], "mask_file": "frame_0022_track_4.npy", "score": 0.9981552958488464}], "23": [{"track_id": 1, "bbox": [34, 34, 87, 204], "mask_file": "frame_0023_track_1.npy", "score": 0.9893845319747925}, {"track_id": 2, "bbox": [155, 27, 188, 126], "mask_file": "frame_0023_track_2.npy", "score": 0.9260104894638062}, {"track_id": 3, "bbox": [182, 49, 237, 189], "mask_file": "frame_0023_track_3.npy", "score": 0.9978111982345581}, {"track_id": 4, "bbox": [161, 188, 212, 237], "mask_file": "frame_0023_track_4.npy", "score": 0.996021032333374}], "24": [{"track_id": 1, "bbox": [34, 33, 86, 203], "mask_file": "frame_0024_track_1.npy", "score": 0.9936727285385132}, {"track_id": 2, "bbox": [155, 22, 188, 125], "mask_file": "frame_0024_track_2.npy", "score": 0.9277596473693848}, {"track_id": 3, "bbox": [181, 48, 236, 187], "mask_file": "frame_0024_track_3.npy", "score": 1.0000635385513306}, {"track_id": 4, "bbox": [161, 187, 211, 236], "mask_file": "frame_0024_track_4.npy", "score": 0.990342378616333}], "25": [{"track_id": 1, "bbox": [36, 34, 87, 202], "mask_file": "frame_0025_track_1.npy", "score": 0.989423394203186}, {"track_id": 2, "bbox": [153, 10, 188, 126], "mask_file": "frame_0025_track_2.npy", "score": 0.9384627342224121}, {"track_id": 3, "bbox": [181, 49, 236, 187], "mask_file": "frame_0025_track_3.npy", "score": 0.9989855289459229}, {"track_id": 4, "bbox": [161, 187, 211, 239], "mask_file": "frame_0025_track_4.npy", "score": 0.9906773567199707}], "26": [{"track_id": 1, "bbox": [37, 35, 88, 202], "mask_file": "frame_0026_track_1.npy", "score": 0.9903597831726074}, {"track_id": 2, "bbox": [152, 10, 189, 127], "mask_file": "frame_0026_track_2.npy", "score": 0.9661179780960083}, {"track_id": 3, "bbox": [182, 50, 237, 188], "mask_file": "frame_0026_track_3.npy", "score": 0.9971923828125}, {"track_id": 4, "bbox": [162, 188, 211, 236], "mask_file": "frame_0026_track_4.npy", "score": 0.9930239319801331}], "27": [{"track_id": 1, "bbox": [38, 37, 89, 204], "mask_file": "frame_0027_track_1.npy", "score": 0.9917043447494507}, {"track_id": 2, "bbox": [154, 12, 189, 127], "mask_file": "frame_0027_track_2.npy", "score": 0.9558384418487549}, {"track_id": 3, "bbox": [183, 53, 237, 191], "mask_file": "frame_0027_track_3.npy", "score": 1.0007848739624023}, {"track_id": 4, "bbox": [162, 190, 212, 239], "mask_file": "frame_0027_track_4.npy", "score": 0.9972130060195923}], "28": [{"track_id": 1, "bbox": [41, 41, 92, 205], "mask_file": "frame_0028_track_1.npy", "score": 0.9939745664596558}, {"track_id": 2, "bbox": [155, 16, 190, 129], "mask_file": "frame_0028_track_2.npy", "score": 0.9509247541427612}, {"track_id": 3, "bbox": [184, 56, 238, 192], "mask_file": "frame_0028_track_3.npy", "score": 1.001009225845337}, {"track_id": 4, "bbox": [164, 191, 214, 239], "mask_file": "frame_0028_track_4.npy", "score": 0.9984534978866577}]}