{"0": [{"track_id": 1, "bbox": [161, 58, 283, 100], "mask_file": "frame_0000_track_1.npy", "score": 0.8011373281478882}], "1": [{"track_id": 1, "bbox": [161, 58, 284, 100], "mask_file": "frame_0001_track_1.npy", "score": 1.0010530948638916}], "2": [{"track_id": 1, "bbox": [161, 59, 285, 101], "mask_file": "frame_0002_track_1.npy", "score": 1.0034600496292114}], "3": [{"track_id": 1, "bbox": [162, 60, 285, 102], "mask_file": "frame_0003_track_1.npy", "score": 1.0016840696334839}], "4": [{"track_id": 1, "bbox": [162, 62, 285, 105], "mask_file": "frame_0004_track_1.npy", "score": 1.0028806924819946}], "5": [{"track_id": 1, "bbox": [162, 65, 286, 107], "mask_file": "frame_0005_track_1.npy", "score": 1.0036747455596924}], "6": [{"track_id": 1, "bbox": [163, 68, 282, 109], "mask_file": "frame_0006_track_1.npy", "score": 1.0040096044540405}], "7": [{"track_id": 1, "bbox": [163, 69, 282, 110], "mask_file": "frame_0007_track_1.npy", "score": 1.0033133029937744}], "8": [{"track_id": 1, "bbox": [163, 70, 284, 111], "mask_file": "frame_0008_track_1.npy", "score": 1.0056368112564087}], "9": [{"track_id": 1, "bbox": [162, 70, 285, 111], "mask_file": "frame_0009_track_1.npy", "score": 1.0026462078094482}], "10": [{"track_id": 1, "bbox": [162, 69, 284, 111], "mask_file": "frame_0010_track_1.npy", "score": 1.0022132396697998}], "11": [{"track_id": 1, "bbox": [162, 70, 284, 111], "mask_file": "frame_0011_track_1.npy", "score": 1.0012974739074707}], "12": [{"track_id": 1, "bbox": [162, 71, 284, 113], "mask_file": "frame_0012_track_1.npy", "score": 1.0036721229553223}], "13": [{"track_id": 1, "bbox": [162, 72, 284, 114], "mask_file": "frame_0013_track_1.npy", "score": 1.001855731010437}], "14": [{"track_id": 1, "bbox": [162, 74, 284, 116], "mask_file": "frame_0014_track_1.npy", "score": 1.0026665925979614}], "15": [{"track_id": 1, "bbox": [162, 76, 284, 117], "mask_file": "frame_0015_track_1.npy", "score": 1.0048176050186157}], "16": [{"track_id": 1, "bbox": [161, 76, 284, 118], "mask_file": "frame_0016_track_1.npy", "score": 1.0031777620315552}], "17": [{"track_id": 1, "bbox": [161, 76, 283, 118], "mask_file": "frame_0017_track_1.npy", "score": 1.000763177871704}], "18": [{"track_id": 1, "bbox": [161, 78, 283, 119], "mask_file": "frame_0018_track_1.npy", "score": 1.001419186592102}], "19": [{"track_id": 1, "bbox": [160, 78, 283, 120], "mask_file": "frame_0019_track_1.npy", "score": 1.0028170347213745}], "20": [{"track_id": 1, "bbox": [160, 78, 282, 120], "mask_file": "frame_0020_track_1.npy", "score": 1.001339077949524}], "21": [{"track_id": 1, "bbox": [156, 79, 279, 121], "mask_file": "frame_0021_track_1.npy", "score": 1.000763177871704}], "22": [{"track_id": 1, "bbox": [153, 78, 276, 120], "mask_file": "frame_0022_track_1.npy", "score": 0.9997297525405884}], "23": [{"track_id": 1, "bbox": [150, 78, 274, 120], "mask_file": "frame_0023_track_1.npy", "score": 1.0004141330718994}], "24": [{"track_id": 1, "bbox": [147, 78, 270, 120], "mask_file": "frame_0024_track_1.npy", "score": 1.0001988410949707}], "25": [{"track_id": 1, "bbox": [140, 78, 263, 121], "mask_file": "frame_0025_track_1.npy", "score": 1.0008000135421753}], "26": [{"track_id": 1, "bbox": [135, 79, 259, 122], "mask_file": "frame_0026_track_1.npy", "score": 1.0037367343902588}], "27": [{"track_id": 1, "bbox": [130, 81, 254, 123], "mask_file": "frame_0027_track_1.npy", "score": 1.001094102859497}], "28": [{"track_id": 1, "bbox": [127, 80, 251, 123], "mask_file": "frame_0028_track_1.npy", "score": 1.002364993095398}], "29": [{"track_id": 1, "bbox": [119, 78, 244, 121], "mask_file": "frame_0029_track_1.npy", "score": 0.9999865293502808}], "30": [{"track_id": 1, "bbox": [113, 75, 239, 118], "mask_file": "frame_0030_track_1.npy", "score": 1.0039615631103516}], "31": [{"track_id": 1, "bbox": [105, 68, 232, 112], "mask_file": "frame_0031_track_1.npy", "score": 1.002901554107666}], "32": [{"track_id": 1, "bbox": [101, 67, 229, 111], "mask_file": "frame_0032_track_1.npy", "score": 1.0058947801589966}], "33": [{"track_id": 1, "bbox": [97, 70, 225, 114], "mask_file": "frame_0033_track_1.npy", "score": 1.0038994550704956}], "34": [{"track_id": 1, "bbox": [92, 74, 221, 118], "mask_file": "frame_0034_track_1.npy", "score": 1.0019900798797607}], "35": [{"track_id": 1, "bbox": [84, 79, 214, 123], "mask_file": "frame_0035_track_1.npy", "score": 1.0002373456954956}], "36": [{"track_id": 1, "bbox": [80, 82, 209, 126], "mask_file": "frame_0036_track_1.npy", "score": 1.0023404359817505}], "37": [{"track_id": 1, "bbox": [75, 85, 206, 129], "mask_file": "frame_0037_track_1.npy", "score": 1.0035220384597778}], "38": [{"track_id": 1, "bbox": [70, 87, 201, 131], "mask_file": "frame_0038_track_1.npy", "score": 1.0045042037963867}], "39": [{"track_id": 1, "bbox": [67, 86, 199, 130], "mask_file": "frame_0039_track_1.npy", "score": 1.0042446851730347}], "40": [{"track_id": 1, "bbox": [62, 87, 194, 131], "mask_file": "frame_0040_track_1.npy", "score": 1.0028315782546997}], "41": [{"track_id": 1, "bbox": [58, 88, 190, 132], "mask_file": "frame_0041_track_1.npy", "score": 1.0017335414886475}], "42": [{"track_id": 1, "bbox": [52, 87, 186, 131], "mask_file": "frame_0042_track_1.npy", "score": 1.0015184879302979}], "43": [{"track_id": 1, "bbox": [47, 88, 182, 132], "mask_file": "frame_0043_track_1.npy", "score": 1.0024908781051636}], "44": [{"track_id": 1, "bbox": [36, 90, 172, 135], "mask_file": "frame_0044_track_1.npy", "score": 1.0031324625015259}], "45": [{"track_id": 1, "bbox": [27, 91, 165, 136], "mask_file": "frame_0045_track_1.npy", "score": 1.0007299184799194}], "46": [{"track_id": 1, "bbox": [16, 89, 156, 135], "mask_file": "frame_0046_track_1.npy", "score": 0.9993729591369629}], "47": [{"track_id": 1, "bbox": [10, 89, 149, 135], "mask_file": "frame_0047_track_1.npy", "score": 1.0039927959442139}], "48": [{"track_id": 1, "bbox": [2, 90, 144, 137], "mask_file": "frame_0048_track_1.npy", "score": 1.0013725757598877}], "49": [{"track_id": 1, "bbox": [0, 92, 140, 139], "mask_file": "frame_0049_track_1.npy", "score": 0.9980617761611938}], "50": [{"track_id": 1, "bbox": [0, 87, 135, 143], "mask_file": "frame_0050_track_1.npy", "score": 0.9950852394104004}], "51": [{"track_id": 1, "bbox": [0, 90, 133, 145], "mask_file": "frame_0051_track_1.npy", "score": 0.9927254915237427}], "52": [{"track_id": 1, "bbox": [0, 92, 129, 147], "mask_file": "frame_0052_track_1.npy", "score": 0.996549129486084}], "53": [{"track_id": 1, "bbox": [0, 93, 125, 148], "mask_file": "frame_0053_track_1.npy", "score": 0.9935933351516724}], "54": [{"track_id": 1, "bbox": [0, 92, 119, 147], "mask_file": "frame_0054_track_1.npy", "score": 1.0031263828277588}], "55": [{"track_id": 1, "bbox": [0, 101, 115, 146], "mask_file": "frame_0055_track_1.npy", "score": 0.9903484582901001}], "56": [{"track_id": 1, "bbox": [0, 102, 112, 146], "mask_file": "frame_0056_track_1.npy", "score": 1.003969669342041}], "57": [{"track_id": 1, "bbox": [0, 104, 107, 148], "mask_file": "frame_0057_track_1.npy", "score": 0.9978047609329224}], "58": [{"track_id": 1, "bbox": [0, 107, 103, 151], "mask_file": "frame_0058_track_1.npy", "score": 1.0003324747085571}], "59": [{"track_id": 1, "bbox": [0, 100, 96, 156], "mask_file": "frame_0059_track_1.npy", "score": 0.974952220916748}], "60": [{"track_id": 1, "bbox": [0, 104, 91, 159], "mask_file": "frame_0060_track_1.npy", "score": 0.969883382320404}], "61": [{"track_id": 1, "bbox": [0, 109, 89, 161], "mask_file": "frame_0061_track_1.npy", "score": 0.9677473306655884}], "62": [{"track_id": 1, "bbox": [0, 116, 89, 161], "mask_file": "frame_0062_track_1.npy", "score": 0.9881305694580078}], "63": [{"track_id": 1, "bbox": [0, 118, 88, 162], "mask_file": "frame_0063_track_1.npy", "score": 0.9928828477859497}], "64": [{"track_id": 1, "bbox": [0, 117, 88, 161], "mask_file": "frame_0064_track_1.npy", "score": 0.9982329607009888}], "65": [{"track_id": 1, "bbox": [0, 117, 88, 160], "mask_file": "frame_0065_track_1.npy", "score": 0.999642014503479}], "66": [{"track_id": 1, "bbox": [0, 117, 88, 160], "mask_file": "frame_0066_track_1.npy", "score": 0.9993271827697754}]}