{"0": [{"track_id": 1, "bbox": [39, 89, 203, 145], "mask_file": "frame_0000_track_1.npy", "score": 0.9817768335342407}, {"track_id": 2, "bbox": [0, 68, 96, 157], "mask_file": "frame_0000_track_2.npy", "score": 0.9976470470428467}], "1": [{"track_id": 1, "bbox": [40, 88, 203, 144], "mask_file": "frame_0001_track_1.npy", "score": 0.9893320798873901}, {"track_id": 2, "bbox": [0, 68, 96, 157], "mask_file": "frame_0001_track_2.npy", "score": 0.9974991083145142}], "2": [{"track_id": 1, "bbox": [39, 88, 203, 144], "mask_file": "frame_0002_track_1.npy", "score": 0.9886585474014282}, {"track_id": 2, "bbox": [0, 67, 96, 157], "mask_file": "frame_0002_track_2.npy", "score": 0.9977005124092102}], "3": [{"track_id": 1, "bbox": [40, 88, 203, 144], "mask_file": "frame_0003_track_1.npy", "score": 0.9849874973297119}, {"track_id": 2, "bbox": [0, 67, 97, 156], "mask_file": "frame_0003_track_2.npy", "score": 0.9981499314308167}], "4": [{"track_id": 1, "bbox": [39, 88, 203, 144], "mask_file": "frame_0004_track_1.npy", "score": 0.9850199222564697}, {"track_id": 2, "bbox": [0, 67, 96, 156], "mask_file": "frame_0004_track_2.npy", "score": 0.9947025179862976}], "5": [{"track_id": 1, "bbox": [40, 88, 203, 144], "mask_file": "frame_0005_track_1.npy", "score": 0.9874852895736694}, {"track_id": 2, "bbox": [0, 66, 96, 156], "mask_file": "frame_0005_track_2.npy", "score": 0.9955428242683411}], "6": [{"track_id": 1, "bbox": [40, 88, 203, 143], "mask_file": "frame_0006_track_1.npy", "score": 0.98860764503479}, {"track_id": 2, "bbox": [0, 66, 96, 156], "mask_file": "frame_0006_track_2.npy", "score": 0.9947919249534607}], "7": [{"track_id": 1, "bbox": [39, 87, 203, 143], "mask_file": "frame_0007_track_1.npy", "score": 0.9795331954956055}, {"track_id": 2, "bbox": [0, 65, 95, 156], "mask_file": "frame_0007_track_2.npy", "score": 0.9966467022895813}], "8": [{"track_id": 1, "bbox": [40, 87, 203, 143], "mask_file": "frame_0008_track_1.npy", "score": 0.9824658632278442}, {"track_id": 2, "bbox": [0, 65, 96, 155], "mask_file": "frame_0008_track_2.npy", "score": 0.9962765574455261}], "9": [{"track_id": 1, "bbox": [40, 87, 203, 143], "mask_file": "frame_0009_track_1.npy", "score": 0.9805436134338379}, {"track_id": 2, "bbox": [0, 65, 95, 155], "mask_file": "frame_0009_track_2.npy", "score": 0.9971780776977539}], "10": [{"track_id": 1, "bbox": [41, 85, 204, 143], "mask_file": "frame_0010_track_1.npy", "score": 0.981663703918457}, {"track_id": 2, "bbox": [0, 65, 96, 155], "mask_file": "frame_0010_track_2.npy", "score": 0.9981852173805237}], "11": [{"track_id": 1, "bbox": [42, 82, 205, 143], "mask_file": "frame_0011_track_1.npy", "score": 0.9812207221984863}, {"track_id": 2, "bbox": [0, 62, 98, 155], "mask_file": "frame_0011_track_2.npy", "score": 0.9991558194160461}], "12": [{"track_id": 1, "bbox": [47, 83, 210, 143], "mask_file": "frame_0012_track_1.npy", "score": 0.9832899570465088}, {"track_id": 2, "bbox": [0, 63, 101, 156], "mask_file": "frame_0012_track_2.npy", "score": 0.9982773661613464}], "13": [{"track_id": 1, "bbox": [50, 84, 213, 142], "mask_file": "frame_0013_track_1.npy", "score": 0.985254168510437}, {"track_id": 2, "bbox": [0, 63, 104, 158], "mask_file": "frame_0013_track_2.npy", "score": 0.9967753887176514}], "14": [{"track_id": 1, "bbox": [54, 84, 216, 142], "mask_file": "frame_0014_track_1.npy", "score": 0.9826369285583496}, {"track_id": 2, "bbox": [0, 63, 107, 159], "mask_file": "frame_0014_track_2.npy", "score": 0.9980123043060303}], "15": [{"track_id": 1, "bbox": [59, 84, 221, 142], "mask_file": "frame_0015_track_1.npy", "score": 0.9868260622024536}, {"track_id": 2, "bbox": [0, 64, 111, 161], "mask_file": "frame_0015_track_2.npy", "score": 0.9979977607727051}], "16": [{"track_id": 1, "bbox": [61, 84, 223, 142], "mask_file": "frame_0016_track_1.npy", "score": 0.9840186834335327}, {"track_id": 2, "bbox": [0, 64, 114, 162], "mask_file": "frame_0016_track_2.npy", "score": 0.999390184879303}], "17": [{"track_id": 1, "bbox": [63, 84, 226, 142], "mask_file": "frame_0017_track_1.npy", "score": 0.9911905527114868}, {"track_id": 2, "bbox": [0, 64, 117, 163], "mask_file": "frame_0017_track_2.npy", "score": 0.9991005659103394}], "18": [{"track_id": 1, "bbox": [66, 84, 228, 142], "mask_file": "frame_0018_track_1.npy", "score": 0.9863698482513428}, {"track_id": 2, "bbox": [0, 64, 119, 165], "mask_file": "frame_0018_track_2.npy", "score": 0.9991978406906128}], "19": [{"track_id": 1, "bbox": [72, 85, 234, 142], "mask_file": "frame_0019_track_1.npy", "score": 0.985257625579834}, {"track_id": 2, "bbox": [0, 65, 125, 168], "mask_file": "frame_0019_track_2.npy", "score": 0.9996415376663208}], "20": [{"track_id": 1, "bbox": [76, 86, 238, 143], "mask_file": "frame_0020_track_1.npy", "score": 0.979728102684021}, {"track_id": 2, "bbox": [0, 65, 128, 173], "mask_file": "frame_0020_track_2.npy", "score": 0.9996348023414612}], "21": [{"track_id": 1, "bbox": [84, 87, 246, 143], "mask_file": "frame_0021_track_1.npy", "score": 0.983146071434021}, {"track_id": 2, "bbox": [0, 66, 135, 183], "mask_file": "frame_0021_track_2.npy", "score": 0.9997203350067139}], "22": [{"track_id": 1, "bbox": [93, 88, 255, 143], "mask_file": "frame_0022_track_1.npy", "score": 0.9844679832458496}, {"track_id": 2, "bbox": [0, 66, 143, 191], "mask_file": "frame_0022_track_2.npy", "score": 1.0008355379104614}], "23": [{"track_id": 1, "bbox": [104, 89, 266, 143], "mask_file": "frame_0023_track_1.npy", "score": 0.9916603565216064}, {"track_id": 2, "bbox": [0, 66, 153, 207], "mask_file": "frame_0023_track_2.npy", "score": 1.002544641494751}], "24": [{"track_id": 1, "bbox": [110, 90, 273, 143], "mask_file": "frame_0024_track_1.npy", "score": 0.9900652170181274}, {"track_id": 2, "bbox": [0, 66, 159, 218], "mask_file": "frame_0024_track_2.npy", "score": 1.0025603771209717}], "25": [{"track_id": 1, "bbox": [117, 89, 281, 143], "mask_file": "frame_0025_track_1.npy", "score": 0.9903049468994141}, {"track_id": 2, "bbox": [0, 66, 166, 232], "mask_file": "frame_0025_track_2.npy", "score": 1.003026008605957}], "26": [{"track_id": 1, "bbox": [120, 91, 284, 143], "mask_file": "frame_0026_track_1.npy", "score": 0.9892174005508423}, {"track_id": 2, "bbox": [0, 66, 169, 237], "mask_file": "frame_0026_track_2.npy", "score": 1.0018123388290405}], "27": [{"track_id": 1, "bbox": [122, 91, 287, 143], "mask_file": "frame_0027_track_1.npy", "score": 0.9902075529098511}, {"track_id": 2, "bbox": [0, 66, 172, 238], "mask_file": "frame_0027_track_2.npy", "score": 1.001562476158142}], "28": [{"track_id": 1, "bbox": [126, 93, 290, 143], "mask_file": "frame_0028_track_1.npy", "score": 0.9880702495574951}, {"track_id": 2, "bbox": [0, 67, 174, 238], "mask_file": "frame_0028_track_2.npy", "score": 1.0013951063156128}], "29": [{"track_id": 1, "bbox": [132, 94, 296, 144], "mask_file": "frame_0029_track_1.npy", "score": 0.987486720085144}, {"track_id": 2, "bbox": [0, 69, 180, 238], "mask_file": "frame_0029_track_2.npy", "score": 1.0008777379989624}], "30": [{"track_id": 1, "bbox": [139, 96, 302, 145], "mask_file": "frame_0030_track_1.npy", "score": 0.9942991733551025}, {"track_id": 2, "bbox": [0, 70, 185, 238], "mask_file": "frame_0030_track_2.npy", "score": 1.0018309354782104}], "31": [{"track_id": 1, "bbox": [147, 97, 310, 147], "mask_file": "frame_0031_track_1.npy", "score": 0.9958516359329224}, {"track_id": 2, "bbox": [0, 73, 193, 238], "mask_file": "frame_0031_track_2.npy", "score": 1.0027929544448853}], "32": [{"track_id": 1, "bbox": [152, 100, 316, 148], "mask_file": "frame_0032_track_1.npy", "score": 0.9986532926559448}, {"track_id": 2, "bbox": [0, 74, 198, 238], "mask_file": "frame_0032_track_2.npy", "score": 1.0025429725646973}], "33": [{"track_id": 1, "bbox": [159, 101, 324, 149], "mask_file": "frame_0033_track_1.npy", "score": 0.9967014789581299}, {"track_id": 2, "bbox": [0, 76, 206, 238], "mask_file": "frame_0033_track_2.npy", "score": 1.0031155347824097}], "34": [{"track_id": 1, "bbox": [164, 101, 330, 149], "mask_file": "frame_0034_track_1.npy", "score": 0.9972907304763794}, {"track_id": 2, "bbox": [0, 76, 211, 238], "mask_file": "frame_0034_track_2.npy", "score": 1.0020664930343628}], "35": [{"track_id": 1, "bbox": [172, 102, 339, 149], "mask_file": "frame_0035_track_1.npy", "score": 1.0003913640975952}, {"track_id": 2, "bbox": [0, 78, 219, 238], "mask_file": "frame_0035_track_2.npy", "score": 1.0020997524261475}], "36": [{"track_id": 1, "bbox": [178, 102, 345, 149], "mask_file": "frame_0036_track_1.npy", "score": 0.9975951910018921}, {"track_id": 2, "bbox": [0, 78, 224, 238], "mask_file": "frame_0036_track_2.npy", "score": 1.0013911724090576}], "37": [{"track_id": 1, "bbox": [187, 103, 354, 150], "mask_file": "frame_0037_track_1.npy", "score": 1.0007762908935547}, {"track_id": 2, "bbox": [7, 78, 232, 238], "mask_file": "frame_0037_track_2.npy", "score": 0.9997087121009827}], "38": [{"track_id": 1, "bbox": [192, 102, 360, 150], "mask_file": "frame_0038_track_1.npy", "score": 0.9989713430404663}, {"track_id": 2, "bbox": [13, 78, 238, 238], "mask_file": "frame_0038_track_2.npy", "score": 0.9999452233314514}], "39": [{"track_id": 1, "bbox": [200, 101, 368, 149], "mask_file": "frame_0039_track_1.npy", "score": 1.0010528564453125}, {"track_id": 2, "bbox": [23, 77, 245, 238], "mask_file": "frame_0039_track_2.npy", "score": 1.0019629001617432}], "40": [{"track_id": 1, "bbox": [207, 101, 376, 149], "mask_file": "frame_0040_track_1.npy", "score": 1.0012357234954834}, {"track_id": 2, "bbox": [32, 77, 252, 238], "mask_file": "frame_0040_track_2.npy", "score": 1.0027639865875244}], "41": [{"track_id": 1, "bbox": [218, 101, 387, 149], "mask_file": "frame_0041_track_1.npy", "score": 1.002589225769043}, {"track_id": 2, "bbox": [48, 78, 262, 238], "mask_file": "frame_0041_track_2.npy", "score": 1.0021276473999023}], "42": [{"track_id": 1, "bbox": [226, 101, 395, 149], "mask_file": "frame_0042_track_1.npy", "score": 0.9994940757751465}, {"track_id": 2, "bbox": [59, 78, 269, 238], "mask_file": "frame_0042_track_2.npy", "score": 1.0027680397033691}], "43": [{"track_id": 1, "bbox": [236, 101, 406, 149], "mask_file": "frame_0043_track_1.npy", "score": 1.0021520853042603}, {"track_id": 2, "bbox": [76, 78, 279, 238], "mask_file": "frame_0043_track_2.npy", "score": 1.0016615390777588}], "44": [{"track_id": 1, "bbox": [244, 100, 414, 149], "mask_file": "frame_0044_track_1.npy", "score": 0.9999932050704956}, {"track_id": 2, "bbox": [85, 78, 287, 238], "mask_file": "frame_0044_track_2.npy", "score": 1.0029648542404175}], "45": [{"track_id": 1, "bbox": [250, 101, 421, 150], "mask_file": "frame_0045_track_1.npy", "score": 0.9975093603134155}, {"track_id": 2, "bbox": [94, 79, 293, 238], "mask_file": "frame_0045_track_2.npy", "score": 1.0030076503753662}], "46": [{"track_id": 1, "bbox": [260, 102, 426, 151], "mask_file": "frame_0046_track_1.npy", "score": 0.9981861114501953}, {"track_id": 2, "bbox": [107, 80, 304, 238], "mask_file": "frame_0046_track_2.npy", "score": 1.0023646354675293}], "47": [{"track_id": 1, "bbox": [265, 102, 426, 151], "mask_file": "frame_0047_track_1.npy", "score": 0.9992882013320923}, {"track_id": 2, "bbox": [114, 80, 309, 238], "mask_file": "frame_0047_track_2.npy", "score": 1.0027714967727661}], "48": [{"track_id": 1, "bbox": [272, 101, 426, 151], "mask_file": "frame_0048_track_1.npy", "score": 1.0002923011779785}, {"track_id": 2, "bbox": [121, 80, 317, 238], "mask_file": "frame_0048_track_2.npy", "score": 1.0017575025558472}], "49": [{"track_id": 1, "bbox": [278, 101, 426, 140], "mask_file": "frame_0049_track_1.npy", "score": 1.003973126411438}, {"track_id": 2, "bbox": [128, 80, 322, 238], "mask_file": "frame_0049_track_2.npy", "score": 1.002251148223877}]}