{"19": [{"track_id": 1, "bbox": [74, 0, 210, 188], "mask_file": "frame_0019_track_1.npy", "score": 1.0085432529449463}, {"track_id": 2, "bbox": [0, 72, 193, 239], "mask_file": "frame_0019_track_2.npy", "score": 1.0079118013381958}], "20": [{"track_id": 1, "bbox": [104, 0, 228, 183], "mask_file": "frame_0020_track_1.npy", "score": 0.9807875156402588}, {"track_id": 2, "bbox": [0, 72, 203, 237], "mask_file": "frame_0020_track_2.npy", "score": 0.9851816892623901}], "21": [{"track_id": 1, "bbox": [132, 0, 246, 179], "mask_file": "frame_0021_track_1.npy", "score": 0.9847292900085449}, {"track_id": 2, "bbox": [18, 76, 221, 239], "mask_file": "frame_0021_track_2.npy", "score": 0.951808750629425}], "22": [{"track_id": 1, "bbox": [144, 5, 255, 180], "mask_file": "frame_0022_track_1.npy", "score": 1.0102183818817139}, {"track_id": 2, "bbox": [27, 78, 236, 239], "mask_file": "frame_0022_track_2.npy", "score": 0.9913003444671631}], "23": [{"track_id": 1, "bbox": [155, 14, 262, 184], "mask_file": "frame_0023_track_1.npy", "score": 1.0070339441299438}, {"track_id": 2, "bbox": [46, 84, 244, 239], "mask_file": "frame_0023_track_2.npy", "score": 1.0005861520767212}], "24": [{"track_id": 1, "bbox": [161, 21, 265, 188], "mask_file": "frame_0024_track_1.npy", "score": 1.0093737840652466}, {"track_id": 2, "bbox": [55, 90, 245, 239], "mask_file": "frame_0024_track_2.npy", "score": 1.000733494758606}], "25": [{"track_id": 1, "bbox": [162, 24, 265, 187], "mask_file": "frame_0025_track_1.npy", "score": 1.009688377380371}, {"track_id": 2, "bbox": [53, 91, 245, 239], "mask_file": "frame_0025_track_2.npy", "score": 1.001867651939392}], "26": [{"track_id": 1, "bbox": [161, 24, 263, 188], "mask_file": "frame_0026_track_1.npy", "score": 1.0085407495498657}, {"track_id": 2, "bbox": [53, 91, 244, 239], "mask_file": "frame_0026_track_2.npy", "score": 1.0025683641433716}], "27": [{"track_id": 1, "bbox": [163, 25, 265, 188], "mask_file": "frame_0027_track_1.npy", "score": 1.0086547136306763}, {"track_id": 2, "bbox": [54, 91, 244, 239], "mask_file": "frame_0027_track_2.npy", "score": 1.0021138191223145}], "28": [{"track_id": 1, "bbox": [164, 25, 265, 188], "mask_file": "frame_0028_track_1.npy", "score": 1.008223295211792}, {"track_id": 2, "bbox": [54, 91, 244, 239], "mask_file": "frame_0028_track_2.npy", "score": 1.0019274950027466}], "29": [{"track_id": 1, "bbox": [164, 25, 266, 187], "mask_file": "frame_0029_track_1.npy", "score": 1.0074474811553955}, {"track_id": 2, "bbox": [55, 92, 245, 239], "mask_file": "frame_0029_track_2.npy", "score": 1.0014779567718506}], "30": [{"track_id": 1, "bbox": [164, 25, 266, 187], "mask_file": "frame_0030_track_1.npy", "score": 1.0074199438095093}, {"track_id": 2, "bbox": [55, 92, 245, 239], "mask_file": "frame_0030_track_2.npy", "score": 1.0011612176895142}], "31": [{"track_id": 1, "bbox": [164, 24, 266, 187], "mask_file": "frame_0031_track_1.npy", "score": 1.007030963897705}, {"track_id": 2, "bbox": [53, 93, 245, 239], "mask_file": "frame_0031_track_2.npy", "score": 1.0010820627212524}], "32": [{"track_id": 1, "bbox": [165, 24, 266, 187], "mask_file": "frame_0032_track_1.npy", "score": 1.0082275867462158}, {"track_id": 2, "bbox": [35, 83, 240, 239], "mask_file": "frame_0032_track_2.npy", "score": 1.0018211603164673}], "33": [{"track_id": 1, "bbox": [165, 25, 266, 187], "mask_file": "frame_0033_track_1.npy", "score": 1.0090641975402832}, {"track_id": 2, "bbox": [25, 77, 221, 239], "mask_file": "frame_0033_track_2.npy", "score": 0.9733763933181763}], "34": [{"track_id": 1, "bbox": [165, 25, 266, 187], "mask_file": "frame_0034_track_1.npy", "score": 1.0094640254974365}, {"track_id": 2, "bbox": [0, 68, 169, 237], "mask_file": "frame_0034_track_2.npy", "score": 0.9673466086387634}], "35": [{"track_id": 1, "bbox": [165, 25, 266, 188], "mask_file": "frame_0035_track_1.npy", "score": 1.009574055671692}, {"track_id": 2, "bbox": [0, 78, 116, 215], "mask_file": "frame_0035_track_2.npy", "score": 0.986645519733429}], "36": [{"track_id": 1, "bbox": [164, 25, 265, 188], "mask_file": "frame_0036_track_1.npy", "score": 1.0091084241867065}, {"track_id": 2, "bbox": [0, 101, 125, 239], "mask_file": "frame_0036_track_2.npy", "score": 0.9103233814239502}], "37": [{"track_id": 1, "bbox": [164, 25, 265, 188], "mask_file": "frame_0037_track_1.npy", "score": 1.009731411933899}, {"track_id": 2, "bbox": [0, 107, 124, 239], "mask_file": "frame_0037_track_2.npy", "score": 0.93556809425354}], "38": [{"track_id": 1, "bbox": [164, 25, 265, 188], "mask_file": "frame_0038_track_1.npy", "score": 1.0092949867248535}, {"track_id": 2, "bbox": [0, 107, 124, 239], "mask_file": "frame_0038_track_2.npy", "score": 0.9323335886001587}], "39": [{"track_id": 1, "bbox": [164, 25, 266, 188], "mask_file": "frame_0039_track_1.npy", "score": 1.009019374847412}, {"track_id": 2, "bbox": [0, 107, 124, 239], "mask_file": "frame_0039_track_2.npy", "score": 0.9312572479248047}], "40": [{"track_id": 1, "bbox": [165, 25, 268, 188], "mask_file": "frame_0040_track_1.npy", "score": 1.0089179277420044}, {"track_id": 2, "bbox": [0, 107, 127, 239], "mask_file": "frame_0040_track_2.npy", "score": 0.9966709613800049}], "41": [{"track_id": 1, "bbox": [167, 25, 269, 188], "mask_file": "frame_0041_track_1.npy", "score": 1.0088316202163696}, {"track_id": 2, "bbox": [0, 107, 127, 239], "mask_file": "frame_0041_track_2.npy", "score": 0.928570032119751}], "42": [{"track_id": 1, "bbox": [168, 26, 270, 188], "mask_file": "frame_0042_track_1.npy", "score": 1.0092617273330688}, {"track_id": 2, "bbox": [0, 107, 125, 239], "mask_file": "frame_0042_track_2.npy", "score": 0.9257520437240601}], "43": [{"track_id": 1, "bbox": [169, 26, 271, 189], "mask_file": "frame_0043_track_1.npy", "score": 1.0095773935317993}, {"track_id": 2, "bbox": [0, 108, 126, 239], "mask_file": "frame_0043_track_2.npy", "score": 0.9259172677993774}], "44": [{"track_id": 1, "bbox": [169, 26, 271, 189], "mask_file": "frame_0044_track_1.npy", "score": 1.009555459022522}, {"track_id": 2, "bbox": [0, 108, 127, 239], "mask_file": "frame_0044_track_2.npy", "score": 0.932334303855896}], "45": [{"track_id": 1, "bbox": [171, 27, 273, 189], "mask_file": "frame_0045_track_1.npy", "score": 1.010496735572815}, {"track_id": 2, "bbox": [0, 108, 124, 239], "mask_file": "frame_0045_track_2.npy", "score": 0.9384535551071167}], "46": [{"track_id": 1, "bbox": [172, 27, 273, 189], "mask_file": "frame_0046_track_1.npy", "score": 1.010136604309082}, {"track_id": 2, "bbox": [0, 108, 124, 239], "mask_file": "frame_0046_track_2.npy", "score": 0.9360712766647339}], "47": [{"track_id": 1, "bbox": [172, 27, 273, 189], "mask_file": "frame_0047_track_1.npy", "score": 1.0099560022354126}, {"track_id": 2, "bbox": [0, 108, 121, 239], "mask_file": "frame_0047_track_2.npy", "score": 0.9482743740081787}], "48": [{"track_id": 1, "bbox": [172, 27, 273, 190], "mask_file": "frame_0048_track_1.npy", "score": 1.0097719430923462}, {"track_id": 2, "bbox": [0, 108, 117, 239], "mask_file": "frame_0048_track_2.npy", "score": 0.952847957611084}], "49": [{"track_id": 1, "bbox": [172, 27, 273, 190], "mask_file": "frame_0049_track_1.npy", "score": 1.009904146194458}, {"track_id": 2, "bbox": [0, 108, 117, 239], "mask_file": "frame_0049_track_2.npy", "score": 0.9460508823394775}], "50": [{"track_id": 1, "bbox": [172, 27, 273, 190], "mask_file": "frame_0050_track_1.npy", "score": 1.009817361831665}, {"track_id": 2, "bbox": [0, 108, 114, 239], "mask_file": "frame_0050_track_2.npy", "score": 0.9428092241287231}], "51": [{"track_id": 1, "bbox": [172, 27, 274, 190], "mask_file": "frame_0051_track_1.npy", "score": 1.0102487802505493}, {"track_id": 2, "bbox": [0, 108, 112, 239], "mask_file": "frame_0051_track_2.npy", "score": 0.9470988512039185}], "52": [{"track_id": 1, "bbox": [172, 27, 274, 190], "mask_file": "frame_0052_track_1.npy", "score": 1.010431170463562}, {"track_id": 2, "bbox": [0, 108, 111, 239], "mask_file": "frame_0052_track_2.npy", "score": 0.9405357837677002}], "53": [{"track_id": 1, "bbox": [172, 27, 274, 190], "mask_file": "frame_0053_track_1.npy", "score": 1.0101947784423828}, {"track_id": 2, "bbox": [0, 108, 110, 239], "mask_file": "frame_0053_track_2.npy", "score": 0.9393393993377686}]}